rank,name,anime,favorites,url
1001,"Azazel, Amelie(アザゼル・アメリ)",Mairimashita! Iruma-kunMairimashita! Iruma-kun 2nd SeasonMairimashita! Iruma-kun 3rd Season,1802,https://myanimelist.net/character/154518/Amelie_Azazel
1002,"Ishida, Uryuu(石田 雨竜)",BleachBleach Movie 4: Jigoku-henBleach: Sennen Kessen-hen,1801,https://myanimelist.net/character/564/Uryuu_Ishida
1003,"Dracule, Mihawk(ジュラキュール・ミホーク)",One PieceOne Piece Film: Strong World Episode 0One Piece 3D2Y: Ace no shi wo Koete! Luffy Nakama Tono Chikai,1800,https://myanimelist.net/character/2064/Mihawk_Dracule
1004,"Speeddraw, Fremy(フレミー・スピッドロウ)",Rokka no YuushaRokka no Yuusha Picture Drama,1799,https://myanimelist.net/character/88577/Fremy_Speeddraw
1005,"Marvell, Wendy(ウェンディ・マーベル)",Fairy TailFairy Tail OVAFairy Tail Movie 1: Houou no Miko,1793,https://myanimelist.net/character/28886/Wendy_Marvell
1006,Kamui(神威),GintamaGintama Movie 1: Shinyaku Benizakura-henGintama',1791,https://myanimelist.net/character/12946/Kamui
1007,"Kajou, Ayame(華城 綾女)",Shimoneta to Iu Gainen ga Sonzai Shinai Taikutsu na Sekai,1789,https://myanimelist.net/character/115691/Ayame_Kajou
1008,Keyaru(ケヤル／ケヤルガ),Kaifuku Jutsushi no Yarinaoshi,1787,https://myanimelist.net/character/176631/Keyaru
1009,"Lawrence, Kraft(クラフト・ロレンス)",Ookami to KoushinryouOokami to Koushinryou IIOokami to Koushinryou II: Ookami to Kohakuiro no Yuuutsu,1786,https://myanimelist.net/character/7374/Kraft_Lawrence
1010,"Kani, Nayuta(可児 那由多)",Imouto sae Ireba Ii.Imouto sae Ireba Ii. (ONA),1784,https://myanimelist.net/character/125799/Nayuta_Kani
1011,Sabo(サボ),One Piece: Episode of Sabo - 3 Kyoudai no Kizuna Kiseki no Saikai to Uketsugareru IshiOne Piece: Araburu Henkaku no Log: Anyaku Suru Kakumeigun!One Piece,1784,https://myanimelist.net/character/32893/Sabo
1012,"Anderson, Alexander(アレクサンド・アンデルセン)",Hellsing UltimateHellsingHellsing: Digest for Freaks,1782,https://myanimelist.net/character/606/Alexander_Anderson
1013,"Kasuga, Arata(春日 アラタ)",Trinity SevenTrinity Seven: Nanatsu no Taizai to Nana MadoushiTrinity Seven Movie 1: Eternity Library to Alchemic Girl,1779,https://myanimelist.net/character/42391/Arata_Kasuga
1014,"Miniwa, Tsumiki(御庭 つみき)",Acchi KocchiAcchi Kocchi: Place=Princess,1777,https://myanimelist.net/character/55839/Tsumiki_Miniwa
1015,"Aihara, Yuzu(藍原 柚子)",Citrus,1775,https://myanimelist.net/character/83367/Yuzu_Aihara
1016,Jinshi(壬氏),Kusuriya no HitorigotoMaomao no HitorigotoKusuriya no Hitorigoto 2nd Season,1771,https://myanimelist.net/character/156096/Jinshi
1017,"Kaneda, Shoutarou(金田 正太郎)",Akira,1762,https://myanimelist.net/character/2588/Shoutarou_Kaneda
1018,Maple(メイプル),Itai no wa Iya nanode Bougyoryoku ni Kyokufuri Shitai to Omoimasu.Itai no wa Iya nanode Bougyoryoku ni Kyokufuri Shitai to Omoimasu. 2,1756,https://myanimelist.net/character/174332/Maple
1019,"Kirisu, Mafuyu(桐須 真冬)",Bokutachi wa Benkyou ga DekinaiBokutachi wa Benkyou ga Dekinai: Nagisa ni Usemono Arite Senjin wa Enzen to [X] SuruBokutachi wa Benkyou ga Dekinai!,1754,https://myanimelist.net/character/154056/Mafuyu_Kirisu
1020,"Mashiro, Moritaka(真城 最高)",Bakuman.Bakuman. 2nd SeasonBakuman. 3rd Season,1753,https://myanimelist.net/character/14545/Moritaka_Mashiro
1021,"Waguri, Kaoruko(和栗 薫子)",Kaoru Hana wa Rin to Saku,1752,https://myanimelist.net/character/211945/Kaoruko_Waguri
1022,"Kousaka, Honoka(高坂 穂乃果)","Bokura no Live Kimi to no LifeSnow HalationNatsu-iro Egao de 1, 2, Jump!",1751,https://myanimelist.net/character/46171/Honoka_Kousaka
1023,"Aragaki, Ayase(新垣 あやせ)",Ore no Imouto ga Konnani Kawaii Wake ga Nai: SD Chara ni Yoru Character CommentaryOre no Imouto ga Konnani Kawaii Wake ga NaiOre no Imouto ga Konnani Kawaii Wake ga Nai Specials,1751,https://myanimelist.net/character/37302/Ayase_Aragaki
1024,"Ludenberg, Celestia(セレスティア・ルーデンベルク)",Danganronpa: Kibou no Gakuen to Zetsubou no Koukousei The AnimationDanganronpa 3: The End of Kibougamine Gakuen - Mirai-henDanganronpa 3: The End of Kibougamine Gakuen - Zetsubou-hen,1750,https://myanimelist.net/character/65525/Celestia_Ludenberg
1025,Myne(マイン),Honzuki no Gekokujou: Shisho ni Naru Tame ni wa Shudan wo ErandeiraremasenHonzuki no Gekokujou: Shisho ni Naru Tame ni wa Shudan wo Erandeiraremasen 2nd SeasonHonzuki no Gekokujou: Shisho ni Naru Tame ni wa Shudan wo Erandeiraremasen OVA,1748,https://myanimelist.net/character/163811/Myne
1026,Sephiroth(セフィロス),Final Fantasy VII: Advent ChildrenFinal Fantasy VII: Last OrderFinal Fantasy VII: Advent Children Complete,1748,https://myanimelist.net/character/1816/Sephiroth
1027,Batou(バトー),Koukaku KidoutaiKoukaku Kidoutai: Stand Alone ComplexInnocence,1746,https://myanimelist.net/character/2653/Batou
1028,"Momobami, Kirari(桃喰 綺羅莉)",KakeguruiKakegurui××Kakegurui Picture Drama,1745,https://myanimelist.net/character/123913/Kirari_Momobami
1029,Akashi(明石),Yojouhan Shinwa TaikeiYojouhan Shinwa Taikei SpecialsYojouhan Time Machine Blues,1743,https://myanimelist.net/character/31522/Akashi
1030,"Nakoshi, Susumu(名越 進)",,1739,https://myanimelist.net/character/8278/Susumu_Nakoshi
1031,"Yoshioka, Futaba(吉岡 双葉)",Ao Haru RideAo Haru Ride OVA,1735,https://myanimelist.net/character/41025/Futaba_Yoshioka
1032,"Sawabe, Tsubaki(澤部 椿)",Shigatsu wa Kimi no UsoShigatsu wa Kimi no Uso: Moments,1734,https://myanimelist.net/character/69409/Tsubaki_Sawabe
1033,"Urushibara, Ruka(漆原 るか)",Steins;GateSteins;Gate: Oukoubakko no PoriomaniaSteins;Gate Movie: Fuka Ryouiki no Déjà vu,1733,https://myanimelist.net/character/30919/Ruka_Urushibara
1034,"Novachrono, Julius(ユリウス・ノヴァクロノ)",Black CloverBlack Clover: Jump Festa 2018 SpecialMugyutto! Black Clover,1732,https://myanimelist.net/character/136804/Julius_Novachrono
1035,"Senji, Kiyomasa(千地 清正)",Deadman Wonderland: Akai Knife TsukaiDeadman Wonderland,1727,https://myanimelist.net/character/12944/Kiyomasa_Senji
1036,"Shokuhou, Misaki(食蜂 操祈)",Toaru Kagaku no Railgun TToaru Kagaku no Railgun SToaru Majutsu no Index 10-shuunen Kinen PV,1724,https://myanimelist.net/character/40136/Misaki_Shokuhou
1037,"Yanami, Anna(八奈見 杏菜)",Make Heroine ga Oosugiru!,1722,https://myanimelist.net/character/213637/Anna_Yanami
1038,"Sanka, Rea(散華 礼弥)",SankareaSankarea OVASankarea: Wagahai mo... Zombie de Aru...,1719,https://myanimelist.net/character/32884/Rea_Sanka
1039,"Hanma, Yuujirou(範馬 勇次郎)",Grappler Baki: Saidai Tournament-henBaki: Dai Raitaisai-henHanma Baki: Son of Ogre 2nd Season,1717,https://myanimelist.net/character/10499/Yuujirou_Hanma
1040,"Hashida, Itaru(橋田 至)",Steins;GateSteins;Gate: Soumei Eichi no Cognitive ComputingSteins;Gate 0,1716,https://myanimelist.net/character/35258/Itaru_Hashida
1041,"Kasugano, Sora(春日野 穹)",Yosuga no Sora,1716,https://myanimelist.net/character/33221/Sora_Kasugano
1042,"Kobayashi, Rindou(小林 竜胆)",Shokugeki no Souma: Ni no Sara OVAShokugeki no Souma: San no SaraShokugeki no Souma: San no Sara - Tootsuki Ressha-hen,1715,https://myanimelist.net/character/129046/Rindou_Kobayashi
1043,"Wong, Shorter(ショーター・ウォン)",Banana Fish,1713,https://myanimelist.net/character/29577/Shorter_Wong
1044,Ekubo(エクボ),Mob Psycho 100Mob Psycho 100: Reigen - Shirarezaru Kiseki no ReinouryokushaMob Psycho Mini,1712,https://myanimelist.net/character/125034/Ekubo
1045,Filo(フィーロ),Tate no Yuusha no NariagariTate no Yuusha no Nariagari Season 2Tate no Yuusha no Nariagari Season 3,1712,https://myanimelist.net/character/112909/Filo
1046,"Suou, Yuki(周防 有希)",Tokidoki Bosotto Russia-go de Dereru Tonari no Alya-san,1710,https://myanimelist.net/character/195231/Yuki_Suou
1047,"Tenma White, Gabriel(天真=ガヴリール=ホワイト)",Gabriel DropOutGabriel DropOut Specials,1704,https://myanimelist.net/character/143074/Gabriel_Tenma_White
1048,"Ikari, Gendou(碇 ゲンドウ)",Schick x EvangelionShinseiki EvangelionShinseiki Evangelion Movie: Shi to Shinsei,1700,https://myanimelist.net/character/1257/Gendou_Ikari
1049,"Watanabe, You(渡辺 曜)",Kimi no Kokoro wa Kagayaiteru kai?Love Live! Sunshine!!Koi ni Naritai Aquarium,1693,https://myanimelist.net/character/135407/You_Watanabe
1050,"Kawai, Rika(川井 リカ)",Wonder Egg PriorityWonder Egg Priority: Watashi no Priority,1690,https://myanimelist.net/character/190701/Rika_Kawai
1051,Phil(フィル),Yakusoku no NeverlandYakusoku no Neverland 2nd Season,1685,https://myanimelist.net/character/150888/Phil
1052,Broly(ブロリー),"Dragon Ball Z Movie 08: Moetsukiro!! Nessen, Ressen, ChougekisenDragon Ball Z Movie 10: Kiken na Futari! Super Senshi wa NemurenaiDragon Ball Z Movie 11: Super Senshi Gekiha!! Katsu no wa Ore da",1685,https://myanimelist.net/character/4945/Broly
1053,"Tsuruga, Ren(敦賀 蓮 / 久遠 ヒズり)",Skip Beat!,1685,https://myanimelist.net/character/4335/Ren_Tsuruga
1054,"Usami, Akihiko(宇佐見 秋彦)",Junjou RomanticaJunjou Romantica 2Junjou Romantica OVA,1684,https://myanimelist.net/character/6038/Akihiko_Usami
1055,The Count of Monte Cristo(モンテ・クリスト伯爵),Gankutsuou,1683,https://myanimelist.net/character/419/The_Count_of_Monte_Cristo
1056,"Dekomori, Sanae(凸守 早苗)",Chuunibyou demo Koi ga Shitai!Chuunibyou demo Koi ga Shitai! LiteChuunibyou demo Koi ga Shitai! Depth of Field: Ai to Nikushimi Gekijou,1678,https://myanimelist.net/character/67215/Sanae_Dekomori
1057,"Blood, Staz Charlie(ブラッド・チャーリー・スタズ)",Blood LadBlood Lad: Wagahai wa Neko de wa Nai,1677,https://myanimelist.net/character/36362/Staz_Charlie_Blood
1058,"Tsukimoto, Makoto(月本 誠)",Ping Pong the Animation,1677,https://myanimelist.net/character/20325/Makoto_Tsukimoto
1059,Freeza(フリーザ),"Dragon Ball Z Special 1: Tatta Hitori no Saishuu KessenDragon Ball Z Movie 15: Fukkatsu no ""F""Dragon Ball GT",1673,https://myanimelist.net/character/3694/Freeza
1060,"Araragi, Karen(阿良々木 火憐)",NisemonogatariMahou Shoujo Madoka★Magica Movie 3: Hangyaku no Monogatari - Magica Quartet x NisioisinBakemonogatari,1672,https://myanimelist.net/character/24194/Karen_Araragi
1061,Joe(ジョー / ジャンクドッグ / ノマド),Megalo BoxMegalo Box SpecialsNomad: Megalo Box 2,1671,https://myanimelist.net/character/159055/Joe
1062,"Iwasawa, Masami(岩沢 雅美)",Angel Beats!Angel Beats! SpecialsKaginado Season 2,1671,https://myanimelist.net/character/24512/Masami_Iwasawa
1063,Gokuu Black(ゴクウブラック),Dragon Ball SuperSuper Dragon Ball Heroes,1670,https://myanimelist.net/character/141729/Gokuu_Black
1064,"Fibel, Sistine(システィーナ=フィーベル)",Rokudenashi Majutsu Koushi to Akashic Records,1669,https://myanimelist.net/character/145739/Sistine_Fibel
1065,"Manbavaran, Sucy(スーシィ・マンババラン)",Little Witch AcademiaLittle Witch Academia: Mahoujikake no ParadeLittle Witch Academia (TV),1668,https://myanimelist.net/character/81699/Sucy_Manbavaran
1066,"Koga, Tomoe(古賀 朋絵)",Seishun Buta Yarou wa Bunny Girl Senpai no Yume wo MinaiSeishun Buta Yarou wa Yumemiru Shoujo no Yume wo MinaiSeishun Buta Yarou wa Odekake Sister no Yume wo Minai,1661,https://myanimelist.net/character/163451/Tomoe_Koga
1067,"Narukami, Yuu(鳴上 悠 / 瀬多総司)",Persona 4 the AnimationPersona 4 the Animation: No One is AlonePersona 4 the Animation: The Factor of Hope,1661,https://myanimelist.net/character/16252/Yuu_Narukami
1068,"Law, Vincent(ビンセント・ロウ)",Ergo Proxy,1660,https://myanimelist.net/character/642/Vincent_Law
1069,"Aino, Minako(愛野 美奈子)",Bishoujo Senshi Sailor MoonBishoujo Senshi Sailor Moon R: The MovieBishoujo Senshi Sailor Moon S,1655,https://myanimelist.net/character/2826/Minako_Aino
1070,"Shinonome, Nano(東雲 なの)",Nichijou: Nichijou no 0-waNichijouNichijou: Original Jikai Yokoku,1653,https://myanimelist.net/character/10422/Nano_Shinonome
1071,"Morita, Shinobu(森田 忍)",Hachimitsu to CloverHachimitsu to Clover IIHachimitsu to Clover Specials,1653,https://myanimelist.net/character/352/Shinobu_Morita
1072,Adam(アダム),Shuumatsu no Walküre,1649,https://myanimelist.net/character/177542/Adam
1073,Pingu(ピング),Pingu in the CityPingu in the City (2018),1649,https://myanimelist.net/character/155273/Pingu
1074,Kiki(キキ),Majo no TakkyuubinHungry Days: Aoharu ka yo.Majo no Takkyuubin x McDonald's CMs,1648,https://myanimelist.net/character/6866/Kiki
1075,"Kino, Makoto(木野 まこと)",Bishoujo Senshi Sailor MoonBishoujo Senshi Sailor Moon R: The MovieBishoujo Senshi Sailor Moon S,1644,https://myanimelist.net/character/2825/Makoto_Kino
1076,Rider(ライダー),Fate/stay night Movie: Heaven's Feel - III. Spring SongToshiwasure Guda Guda Order 2016Fate/stay night,1641,https://myanimelist.net/character/502/Rider
1077,Quetzalcoatl(ケツァルコアトル),"Kobayashi-san Chi no Maid DragonKobayashi-san Chi no OO DragonKobayashi-san Chi no Maid Dragon: Valentine, Soshite Onsen! - Amari Kitai Shinaide Kudasai",1635,https://myanimelist.net/character/136731/Quetzalcoatl
1078,"Ouma, Kokichi(王馬 小吉)",,1633,https://myanimelist.net/character/157643/Kokichi_Ouma
1079,"Nakagawa, Ouran(中川 凰蘭)",Dead Dead Demons Dededede DestructionDead Dead Demons Dededede Destruction (ONA),1632,https://myanimelist.net/character/108973/Ouran_Nakagawa
1080,"Aihara, Mei(藍原 芽衣)",Citrus,1629,https://myanimelist.net/character/83209/Mei_Aihara
1081,Ika Musume(イカ娘),Shinryaku! Ika MusumeShinryaku! Ika Musume SpecialsShinryaku!? Ika Musume,1627,https://myanimelist.net/character/20512/Ika_Musume
1082,"Bernkastel, Frederica(ベルンカステル)",Higurashi no Naku Koro ni KaiUmineko no Naku Koro niHigurashi no Naku Koro ni Kai Specials,1627,https://myanimelist.net/character/11840/Frederica_Bernkastel
1083,"Okajima, Rokurou(岡島 緑郎)",Black LagoonBlack Lagoon: The Second BarrageBlack Lagoon: Roberta's Blood Trail,1627,https://myanimelist.net/character/459/Rokurou_Okajima
1084,"Ogata, Hyakunosuke(尾形 百之助)",Golden Kamuy: Barato no Youjinbou/Kaiki! Nazo no Kyodai ToriGolden KamuyGolden Douga Gekijou,1626,https://myanimelist.net/character/152362/Hyakunosuke_Ogata
1085,"Radars, Glenn(グレン＝レーダス)",Rokudenashi Majutsu Koushi to Akashic Records,1624,https://myanimelist.net/character/139713/Glenn_Radars
1086,"Takakura, Ken(高倉 健)",DandadanDandadan 2nd Season,1623,https://myanimelist.net/character/196899/Ken_Takakura
1087,Altair(アルタイル),Re:Creators,1619,https://myanimelist.net/character/148518/Altair
1088,Kyuubey(キュゥべえ),Mahou Shoujo Madoka★MagicaMahou Shoujo Madoka★Magica Movie 1: Hajimari no MonogatariMahou Shoujo Madoka★Magica Movie 2: Eien no Monogatari,1619,https://myanimelist.net/character/38566/Kyuubey
1089,"Shirahama, Kenichi(白浜 兼一)",Shijou Saikyou no Deshi KenichiShijou Saikyou no Deshi Kenichi OVAShijou Saikyou no Deshi Kenichi Specials,1618,https://myanimelist.net/character/2590/Kenichi_Shirahama
1090,"Takishima, Kei(滝島 彗)",Special A,1614,https://myanimelist.net/character/6100/Kei_Takishima
1091,"Jirou, Kyouka(耳郎 響香)",Boku no Hero AcademiaBoku no Hero Academia 2nd SeasonBoku no Hero Academia: Sukue! Kyuujo Kunren!,1613,https://myanimelist.net/character/138638/Kyouka_Jirou
1092,"Nakayama, Haruki(中山 春樹)",GivenGiven Movie 1Given Movie 3: Umi e,1609,https://myanimelist.net/character/138197/Haruki_Nakayama
1093,"Naganohara, Mio(長野原 みお)",Nichijou: Nichijou no 0-waNichijouNichijou: Original Jikai Yokoku,1608,https://myanimelist.net/character/40081/Mio_Naganohara
1094,Yuuri(ユーリ),Shoujo Shuumatsu RyokouShoujo Shuumatsu Jugyou,1607,https://myanimelist.net/character/154099/Yuuri
1095,Shion(紫苑),No.6,1607,https://myanimelist.net/character/42307/Shion
1096,Tomie(富江),Itou Junji: CollectionItou Junji: Collection - TomieItou Junji: Maniac,1605,https://myanimelist.net/character/19174/Tomie
1097,"Tomoe, Hotaru(土萠 ほたる)",Bishoujo Senshi Sailor Moon SBishoujo Senshi Sailor Moon: Sailor StarsBishoujo Senshi Sailor Moon Crystal Season III,1603,https://myanimelist.net/character/2875/Hotaru_Tomoe
1098,"Russo, Ladd(ラッド・ルッソ)",Baccano!Baccano! Specials,1597,https://myanimelist.net/character/3065/Ladd_Russo
1099,"Kujou, Karen(九条 カレン)",Kiniro MosaicHello!! Kiniro MosaicKiniro Mosaic: Pretty Days,1596,https://myanimelist.net/character/50223/Karen_Kujou
1100,"Touma, Kazusa(冬馬 かずさ)",White Album 2White Album 2 Picture Drama,1594,https://myanimelist.net/character/82119/Kazusa_Touma
1101,Wiz(ウィズ),Kono Subarashii Sekai ni Shukufuku wo!Kono Subarashii Sekai ni Shukufuku wo!: Kono Subarashii Choker ni Shukufuku wo!Kono Subarashii Sekai ni Shukufuku wo! 2,1592,https://myanimelist.net/character/123868/Wiz
1102,"Lei, Qiang(羌 瘣)",KingdomKingdom 2nd SeasonKingdom 3rd Season,1592,https://myanimelist.net/character/65445/Qiang_Lei
1103,Roberta(ロベルタ),Black Lagoon: Roberta's Blood TrailBlack Lagoon OmakeBlack Lagoon,1590,https://myanimelist.net/character/2762/Roberta
1104,"Asahina, Mikuru(朝比奈 みくる)",Suzumiya Haruhi no YuuutsuSuzumiya Haruhi no Yuuutsu (2009)Suzumiya Haruhi-chan no Yuuutsu,1590,https://myanimelist.net/character/253/Mikuru_Asahina
1105,"Shirasaki, Kaori(白崎 香織)",Arifureta Shokugyou de Sekai SaikyouArifureta Shokugyou de Sekai Saikyou SpecialsArifureta Shokugyou de Sekai Saikyou Recap,1589,https://myanimelist.net/character/129883/Kaori_Shirasaki
1106,Judeau(ジュドー),Kenpuu Denki BerserkBerserk: Ougon Jidai-hen I - Haou no TamagoBerserk: Ougon Jidai-hen II - Doldrey Kouryaku,1589,https://myanimelist.net/character/454/Judeau
1107,"le Carré, Ange(アンジェ・ル・カレ)",Princess PrincipalPrincess Principal: Ange ReportPrincess Principal Picture Drama,1588,https://myanimelist.net/character/150943/Ange_le_Carré
1108,"Saeba, Ryou(冴羽 獠)",Angel HeartCity HunterCity Hunter 2,1586,https://myanimelist.net/character/2065/Ryou_Saeba
1109,Hawk(ホーク),Nanatsu no TaizaiNanatsu no Taizai OVANanatsu no Taizai: Seisen no Shirushi,1584,https://myanimelist.net/character/86683/Hawk
1110,"Negishi, Souichi(根岸 崇一)",Detroit Metal CityDetroit Metal City: Birth of the Metal Devil,1583,https://myanimelist.net/character/14503/Souichi_Negishi
1111,"Kong, Wenge(孔 文革)",Ping Pong the Animation,1577,https://myanimelist.net/character/20327/Wenge_Kong
1112,Gugu(グーグー),Fumetsu no Anata eFumetsu no Anata e Season 2,1576,https://myanimelist.net/character/151296/Gugu
1113,Schierke(シールケ),BerserkBerserk 2nd SeasonBerserk Recap,1576,https://myanimelist.net/character/7864/Schierke
1114,Excalibur(エクスカリバー),Soul Eater,1575,https://myanimelist.net/character/13046/Excalibur
1115,"Holmes, Sherlock(シャーロック・ホームズ)",Yuukoku no MoriartyYuukoku no Moriarty Part 2Yuukoku no Moriarty OVA,1572,https://myanimelist.net/character/150886/Sherlock_Holmes
1116,"Mizutani, Shizuku(水谷 雫)",Tonari no Kaibutsu-kunTonari no Kaibutsu-kun: Tonari no Gokudou-kun,1571,https://myanimelist.net/character/37685/Shizuku_Mizutani
1117,"Minami, Itsuki(南 樹)",Air GearAir Gear SpecialAir Gear: Kuro no Hane to Nemuri no Mori - Break on the Sky,1571,https://myanimelist.net/character/1557/Itsuki_Minami
1118,Shuna(シュナ),Tensei shitara Slime Datta KenTensei shitara Slime Datta Ken OVATensei shitara Slime Datta Ken 2nd Season,1564,https://myanimelist.net/character/131943/Shuna
1119,"Minamoto, Kou(源 光)",Jibaku Shounen Hanako-kunJibaku Shounen Hanako-kun 2Houkago Shounen Hanako-kun,1562,https://myanimelist.net/character/171858/Kou_Minamoto
1120,"Strauss, Mirajane(ミラジェーン・ストラウス)",Fairy TailFairy Tail OVAFairy Tail Movie 1: Houou no Miko,1562,https://myanimelist.net/character/5190/Mirajane_Strauss
1121,"Yuuki, Juudai(遊城 十代)",Yu☆Gi☆Oh! Duel Monsters GXYu☆Gi☆Oh! Movie: Chou Yuugou! Toki wo Koeta Kizuna,1562,https://myanimelist.net/character/1300/Juudai_Yuuki
1122,Eto(エト),Tokyo GhoulTokyo Ghoul √ATokyo Ghoul:re,1551,https://myanimelist.net/character/112997/Eto
1123,D(D),Vampire Hunter D (2000)Vampire Hunter D,1547,https://myanimelist.net/character/1018/D
1124,"von Reuenthal, Oskar(オスカー・フォン・ロイエンタール)",Ginga Eiyuu DensetsuGinga Eiyuu Densetsu: Waga Yuku wa Hoshi no TaikaiGinga Eiyuu Densetsu: Arata naru Tatakai no Overture,1546,https://myanimelist.net/character/6026/Oskar_von_Reuenthal
1125,"Murasakibara, Atsushi(紫原 敦)",Kuroko no Basket: Oshaberi Demo Shimasen kaKuroko no Basket: Saikou no Present desuKuroko no Basket Movie 4: Last Game,1541,https://myanimelist.net/character/36976/Atsushi_Murasakibara
1126,"Chinen, Miya(知念 実也)",SK∞: Crazy Rock JamSK∞ OVA: Extra PartSK∞,1540,https://myanimelist.net/character/188062/Miya_Chinen
1127,"Ichinose, Hajime(一ノ瀬 はじめ)",Gatchaman CrowdsGatchaman Crowds InsightGatchaman Crowds: Embrace,1540,https://myanimelist.net/character/85153/Hajime_Ichinose
1128,"Watanabe, Saki(渡辺 早季)",Shinsekai yori,1537,https://myanimelist.net/character/57569/Saki_Watanabe
1129,Elma(エルマ),"Kobayashi-san Chi no Maid DragonKobayashi-san Chi no OO DragonKobayashi-san Chi no Maid Dragon: Valentine, Soshite Onsen! - Amari Kitai Shinaide Kudasai",1536,https://myanimelist.net/character/136734/Elma
1130,"Totsuka, Saika(戸塚 彩加)",Yahari Ore no Seishun Love Comedy wa Machigatteiru.Yahari Ore no Seishun Love Comedy wa Machigatteiru. OVAYahari Ore no Seishun Love Comedy wa Machigatteiru. Zoku,1536,https://myanimelist.net/character/67071/Saika_Totsuka
1131,"Sanshokuin, Sumireko(三色院 菫子)",Ore wo Suki nano wa Omae dake ka yoOre wo Suki nano wa Omae dake ka yo: Ore wa Teinei ni SusumeruOre wo Suki nano wa Omae dake ka yo: Oretachi no Game Set,1535,https://myanimelist.net/character/165831/Sumireko_Sanshokuin
1132,"Miyazawa, Yukino(宮沢 雪野)",Kareshi Kanojo no Jijou,1535,https://myanimelist.net/character/357/Yukino_Miyazawa
1133,Neptune(ネプテューヌ / パープルハート),Choujigen Game Neptune The AnimationChoujigen Game Neptune The Animation: Yakusoku no Eien - True EndChoujigen Game Neptune The Animation OVA,1532,https://myanimelist.net/character/40938/Neptune
1134,"Kaymin, Aurora Suya Rhys(オーロラ・栖夜・リース・カイミーン)",Maoujou de Oyasumi,1531,https://myanimelist.net/character/144908/Aurora_Suya_Rhys_Kaymin
1135,Speed-o'-Sound Sonic(音速のソニック),One Punch ManOne Punch Man SpecialsOne Punch Man 2nd Season,1531,https://myanimelist.net/character/74167/Speed-o-Sound_Sonic
1136,"Kawai, Ritsu(河合 律)",Bokura wa Minna Kawai-souBokura wa Minna Kawai-sou: Hajimete noBokura wa Minna Kawai-sou Specials,1530,https://myanimelist.net/character/87505/Ritsu_Kawai
1137,"Quarta, Xenovia(ゼノヴィア・クァルタ)","High School DxD NewHigh School DxD BorNHigh School DxD New: Oppai, Tsutsumimasu!",1529,https://myanimelist.net/character/51337/Xenovia_Quarta
1138,"Ebisuzawa, Kurumi(恵飛須沢 胡桃)",Gakkougurashi!,1527,https://myanimelist.net/character/109475/Kurumi_Ebisuzawa
1139,"Yaoyorozu, Momo(八百万 百)",Boku no Hero AcademiaBoku no Hero Academia 2nd SeasonBoku no Hero Academia: Sukue! Kyuujo Kunren!,1526,https://myanimelist.net/character/119321/Momo_Yaoyorozu
1140,"Lute, Ryner(ライナ・リュート)",Densetsu no Yuusha no DensetsuDensetsu no Yuusha no Densetsu: Iris ReportItsuka Tenma no Kuro Usagi: Kokoro Utsuri no Toukoubi - School Attendance Day,1523,https://myanimelist.net/character/33117/Ryner_Lute
1141,"Kano, Chinatsu(鹿野 千夏)",Ao no Hako,1516,https://myanimelist.net/character/195787/Chinatsu_Kano
1142,Carrot(キャロット),One Piece,1515,https://myanimelist.net/character/140169/Carrot
1143,"Saegusa, Mayumi(七草 真由美)",Mahouka Koukou no RettouseiYoku Wakaru Mahouka!Mahouka Koukou no Rettousei Movie: Hoshi wo Yobu Shoujo,1515,https://myanimelist.net/character/55745/Mayumi_Saegusa
1144,"Anarchy, Panty(アナーキー・パンティ)",Panty & Stocking with GarterbeltPanty & Stocking in SanitaryboxNew Panty & Stocking with Garterbelt,1515,https://myanimelist.net/character/32800/Panty_Anarchy
1145,"Shidare, Hotaru(枝垂 ほたる)",Dagashi KashiDagashi Kashi 2,1514,https://myanimelist.net/character/128130/Hotaru_Shidare
1146,"Akechi, Gorou(明智 吾郎)",Persona 5 the Animation: The Day BreakersPersona 5 the AnimationPersona 5 the Animation TV Specials,1512,https://myanimelist.net/character/144051/Gorou_Akechi
1147,"Akiyama, Shinichi(秋山 真一)",,1511,https://myanimelist.net/character/13473/Shinichi_Akiyama
1148,Canute(クヌート),Vinland SagaVinland Saga Season 2,1510,https://myanimelist.net/character/17438/Canute
1149,"Cross, Yuuki(黒主 優姫)",Vampire KnightVampire Knight Guilty,1510,https://myanimelist.net/character/3518/Yuuki_Cross
1150,"Hatter, Sophie(ソフィー・ハッター)",Howl no Ugoku Shiro,1510,https://myanimelist.net/character/508/Sophie_Hatter
1151,Joker(ジョーカー),Enen no ShouboutaiEnen no Shouboutai: Ni no ShouEnen no Shouboutai Mini Anime,1507,https://myanimelist.net/character/140507/Joker
1152,Hidan(飛段),NarutoNaruto: ShippuudenNaruto SD: Rock Lee no Seishun Full-Power Ninden,1507,https://myanimelist.net/character/2792/Hidan
1153,"Yoshikawa, Yuki(吉川 由紀)",Hori-san to Miyamura-kunHorimiyaHorimiya: Piece,1505,https://myanimelist.net/character/66963/Yuki_Yoshikawa
1154,"Valac, Clara(ウァラク・クララ)",Mairimashita! Iruma-kunMairimashita! Iruma-kun 2nd SeasonMairimashita! Iruma-kun 3rd Season,1504,https://myanimelist.net/character/154516/Clara_Valac
1155,"Makabe, Masamune(真壁 政宗)","Masamune-kun no RevengeMasamune-kun no Revenge: Uchi no Mama ni Kagitte/Tsunade Shima, Futatabi./12-Ji wo Sugita CinderellaMasamune-kun no Revenge R",1504,https://myanimelist.net/character/81967/Masamune_Makabe
1156,Shion(シオン),Genjitsu no Rimuru: Sunshine in the SlimeTensei shitara Slime Datta KenTensei shitara Slime Datta Ken OVA,1496,https://myanimelist.net/character/131937/Shion
1157,"Yadomi, Jinta(宿海 仁太)",Ano Hi Mita Hana no Namae wo Bokutachi wa Mada Shiranai.Ano Hi Mita Hana no Namae wo Bokutachi wa Mada Shiranai. MovieAno Hi Mita Hana no Namae wo Bokutachi wa Mada Shiranai.: Menma e no Tegami,1491,https://myanimelist.net/character/40591/Jinta_Yadomi
1158,"Vermillion, Mavis(メイビス・ヴァーミリオン)",Fairy TailFairy Tail OVAFairy Tail (2014),1487,https://myanimelist.net/character/50163/Mavis_Vermillion
1159,"Tenou, Haruka(天王 はるか)",Bishoujo Senshi Sailor Moon SBishoujo Senshi Sailor Moon: Sailor StarsBishoujo Senshi Sailor Moon S: Kaguya-hime no Koibito,1487,https://myanimelist.net/character/2830/Haruka_Tenou
1160,"Miyamori, Aoi(宮森 あおい)",ShirobakoShirobako Movie,1483,https://myanimelist.net/character/111907/Aoi_Miyamori
1161,"Hoshizora, Rin(星空 凛)","Bokura no Live Kimi to no LifeSnow HalationNatsu-iro Egao de 1, 2, Jump!",1481,https://myanimelist.net/character/46011/Rin_Hoshizora
1162,"Oze, Maki(茉希 尾瀬)",Enen no ShouboutaiEnen no Shouboutai: Ni no ShouEnen no Shouboutai: San no Shou,1480,https://myanimelist.net/character/133768/Maki_Oze
1163,"Prochainezo, Firo(フィーロ・プロシェンツォ)",Baccano!Baccano! Specials,1480,https://myanimelist.net/character/3061/Firo_Prochainezo
1164,Destiny(運命),Takt Op. Destiny,1474,https://myanimelist.net/character/198675/Destiny
1165,"Ozaki, Toshio(尾崎 敏夫)",ShikiShiki Specials,1472,https://myanimelist.net/character/7583/Toshio_Ozaki
1166,Yoite(宵風),Nabari no Ou,1471,https://myanimelist.net/character/9440/Yoite
1167,"Yata, Misaki(八田 美咲)",K: Missing Kings - Manner MovieK: Seven Stories Movie 4 - Lost Small World - Ori no Mukou niK,1470,https://myanimelist.net/character/64631/Misaki_Yata
1168,"Enomoto, Takane(榎本 貴音 / エネ)",Mekakucity ActorsMekakucity DaysKagerou Daze: In a Day's,1468,https://myanimelist.net/character/67169/Takane_Enomoto
1169,"Arima, Kishou (有馬 貴将)","Tokyo Ghoul: ""Jack""Tokyo GhoulTokyo Ghoul √A",1466,https://myanimelist.net/character/111767/Kishou__Arima
1170,"Touwa, Erio(藤和エリオ)",Denpa Onna to Seishun OtokoDenpa Onna to Seishun Otoko: Mayonaka no Taiyou,1466,https://myanimelist.net/character/36074/Erio_Touwa
1171,"Kirigaya, Suguha(桐ヶ谷 直葉)",Sword Art OnlineSword Art Online: Sword Art OfflineSword Art Online: Extra Edition,1458,https://myanimelist.net/character/36831/Suguha_Kirigaya
1172,"Terashima, Nobuo(寺島 伸夫)",Nana,1451,https://myanimelist.net/character/2449/Nobuo_Terashima
1173,"Sakurayashiki, Kaoru(桜屋敷 薫)",SK∞ OVA: Extra PartSK∞,1448,https://myanimelist.net/character/188064/Kaoru_Sakurayashiki
1174,"Kinoshita, Hideyoshi(木下秀吉)",Baka to Test to ShoukanjuuBaka to Test to Shoukanjuu: Mondai - Christmas ni Tsuite Kotae NasaiBaka to Test to Shoukanjuu Specials,1444,https://myanimelist.net/character/20181/Hideyoshi_Kinoshita
1175,"Imamura, Kouhei(今村 耕平)",Grand BlueGrand Blue Season 2,1442,https://myanimelist.net/character/144582/Kouhei_Imamura
1176,Anzu(アンズ),Hinamatsuri,1441,https://myanimelist.net/character/111045/Anzu
1177,"Fujisaki, Yuusuke(藤崎 佑助)",SKET DanceSKET Dance: Tettei Bunseki SpecialSKET Dance: Imouto no Nayami ni Nayamu Ani ni Nayamu Imouto to Sono Nakama-tachi,1439,https://myanimelist.net/character/17244/Yuusuke_Fujisaki
1178,"Shirakiin, Ririchiyo(白鬼院 凜々蝶)",Inu x Boku SSInu x Boku SS: Miketsukami-kun Henka/Switch/Omamagoto,1438,https://myanimelist.net/character/47005/Ririchiyo_Shirakiin
1179,Trunks(トランクス),Dragon Ball GTDragon Ball Z Movie 10: Kiken na Futari! Super Senshi wa NemurenaiDragon Ball Z Movie 11: Super Senshi Gekiha!! Katsu no wa Ore da,1437,https://myanimelist.net/character/2707/Trunks
1180,Gowther(ゴウセル),Nanatsu no TaizaiNanatsu no Taizai OVANanatsu no Taizai: Seisen no Shirushi,1436,https://myanimelist.net/character/95977/Gowther
1181,"Kanbara, Akihito(神原 秋人)",Kyoto Animation: Megane-henKyoukai no KanataKyoukai no Kanata: Mini Gekijou,1434,https://myanimelist.net/character/81757/Akihito_Kanbara
1182,Mahito(真人),Jujutsu KaisenJujutsu Kaisen 2nd SeasonJujutsu Kaisen 2nd Season Recaps,1433,https://myanimelist.net/character/164481/Mahito
1183,"Togashi, Yuuta(富樫 勇太)",Chuunibyou demo Koi ga Shitai!Chuunibyou demo Koi ga Shitai! LiteChuunibyou demo Koi ga Shitai! Kirameki no... Slapstick Noel,1433,https://myanimelist.net/character/65863/Yuuta_Togashi
1184,"Natsukawa, Masuzu(夏川 真涼)",Ore no Kanojo to Osananajimi ga Shuraba Sugiru,1432,https://myanimelist.net/character/48993/Masuzu_Natsukawa
1185,"Uzaki, Hana(宇崎 花)",Uzaki-chan wa Asobitai!Uzaki-chan wa Asobitai! Double,1431,https://myanimelist.net/character/167031/Hana_Uzaki
1186,"Romanée-Conti, Petelgeuse(ペテルギウス・ロマネコンティ)",Re:Zero kara Hajimeru Isekai Seikatsu - Hyouketsu no Kizuna - Manner MovieRe:Zero kara Hajimeru Isekai SeikatsuRe:Zero kara Hajimeru Isekai Seikatsu 2nd Season,1431,https://myanimelist.net/character/141521/Petelgeuse_Romanée-Conti
1187,"Shinsou, Hitoshi(心操 人使)",Boku no Hero Academia 2nd SeasonBoku no Hero Academia 3rd SeasonBoku no Hero Academia 4th Season,1429,https://myanimelist.net/character/125935/Hitoshi_Shinsou
1188,Belldandy(ベルダンディー),Aa! Megami-sama!Aa! Megami-sama! (TV)Aa! Megami-sama!: Chichaitte Koto wa Benri da ne,1429,https://myanimelist.net/character/756/Belldandy
1189,"Iwakura, Mitsumi(岩倉 美津未)",Skip to LoaferSkip to Loafer 2nd Season,1427,https://myanimelist.net/character/182108/Mitsumi_Iwakura
1190,"Kudou, Chika(久遠 愛)",Kono Oto Tomare!Kono Oto Tomare! Part 2,1427,https://myanimelist.net/character/101457/Chika_Kudou
1191,"Takigawa, Yoshino(滝川吉野)",Zetsuen no Tempest,1427,https://myanimelist.net/character/43737/Yoshino_Takigawa
1192,"Konoe, Subaru(近衛 スバル)",Mayo Chiki!,1425,https://myanimelist.net/character/41374/Subaru_Konoe
1193,"Sawachika, Eri(沢近 愛理)",School RumbleSchool Rumble: Ichi Gakki HoshuuSchool Rumble Ni Gakki,1423,https://myanimelist.net/character/201/Eri_Sawachika
1194,"Yosano, Akiko(与謝野 晶子)",Bungou Stray DogsBungou Stray Dogs 2nd SeasonBungou Stray Dogs: Hitori Ayumu,1420,https://myanimelist.net/character/132505/Akiko_Yosano
1195,"Tempest, Veldora(ヴェルドラ＝テンペスト)",Tensei shitara Slime Datta Ken: Kanwa - Veldora NikkiTensei shitara Slime Datta Ken 2nd Season: Kanwa - Veldora Nikki 2Tensei shitara Slime Datta Ken 3rd Season: Kanwa - Diablo Nikki,1420,https://myanimelist.net/character/131932/Veldora_Tempest
1196,"Hinamori, Amu(日奈森 あむ)",Shugo Chara!Shugo Chara!! DokiShugo Chara! Party!,1410,https://myanimelist.net/character/5424/Amu_Hinamori
1197,"Sakayanagi, Arisu(坂柳 有栖)",Youkoso Jitsuryoku Shijou Shugi no Kyoushitsu eYoukoso Jitsuryoku Shijou Shugi no Kyoushitsu e 2nd SeasonYoukoso Jitsuryoku Shijou Shugi no Kyoushitsu e 3rd Season,1409,https://myanimelist.net/character/152154/Arisu_Sakayanagi
1198,"Ginoza, Nobuchika(宜野座 伸元)",Psycho-Pass: Sinners of the System Case.1 - Tsumi to BatsuPsycho-Pass Movie: ProvidencePsycho-Pass,1409,https://myanimelist.net/character/69057/Nobuchika_Ginoza
1199,"Takizawa, Akira(滝沢朗)",Higashi no EdenHigashi no Eden Movie I: The King of EdenHigashi no Eden Movie II: Paradise Lost,1408,https://myanimelist.net/character/19930/Akira_Takizawa
1200,"Kyrielight, Mash(マシュ・キリエライト)",Fate/Grand Order: First OrderFate/Grand OrderFate/Grand Order: Moonlight/Lostroom,1407,https://myanimelist.net/character/145733/Mash_Kyrielight
1201,Kurokami no Onna(黒髪の女),Death BilliardsDeath Parade,1407,https://myanimelist.net/character/82037/Kurokami_no_Onna
1202,"Sasaki, Shuumei(佐々木 秀鳴)",Sasaki to MiyanoSasaki to Miyano: Koi ni Kizuku Mae no Chotto Shita Hanashi.Sasaki to Miyano Movie: Sotsugyou-hen,1406,https://myanimelist.net/character/152821/Shuumei_Sasaki
1203,"Akiyama, Yukari(秋山 優花里)",Girls & PanzerGirls & Panzer SpecialsGirls & Panzer: Shoukai Shimasu!,1404,https://myanimelist.net/character/62945/Yukari_Akiyama
1204,"Shimazu, Toyohisa(島津 豊久)",DriftersDrifters: Special EditionDrifters (OVA),1402,https://myanimelist.net/character/24183/Toyohisa_Shimazu
1205,"Isayama, Yomi(諫山 黄泉)",Ga-Rei: ZeroTokyo ESP,1402,https://myanimelist.net/character/9797/Yomi_Isayama
1206,Sango(珊瑚),InuYashaInuYasha Movie 2: Kagami no Naka no MugenjouInuYasha: Kanketsu-hen,1402,https://myanimelist.net/character/1355/Sango
1207,Zeno(ゼノ),Akatsuki no Yona OVAAkatsuki no Yona,1401,https://myanimelist.net/character/67753/Zeno
1208,"Kurotsuchi, Mayuri(涅マユリ)",BleachBleach Movie 1: Memories of NobodyBleach Movie 2: The DiamondDust Rebellion - Mou Hitotsu no Hyourinmaru,1399,https://myanimelist.net/character/1168/Mayuri_Kurotsuchi
1209,"Yuzaki, Nasa(由崎 星空)",Tonikaku KawaiiTonikaku Kawaii: SNSTonikaku Kawaii: Kaisou,1397,https://myanimelist.net/character/169840/Nasa_Yuzaki
1210,"Date, Masamune(伊達 政宗)",Sengoku BasaraSengoku Basara NiSengoku Basara Movie: The Last Party,1395,https://myanimelist.net/character/16302/Masamune_Date
1211,"Okumura, Yukio(奥村 雪男)",Ao no ExorcistAo no Exorcist: Ura ExAo no Exorcist Movie,1393,https://myanimelist.net/character/24734/Yukio_Okumura
1212,"Tachibana, Hina(橘 陽菜)",Domestic na Kanojo,1392,https://myanimelist.net/character/122367/Hina_Tachibana
1213,"United Kingdom(イギリス, アーサー・カークランド)","Hetalia Axis PowersHetalia Axis Powers Movie: Paint it, WhiteHetalia World Series",1392,https://myanimelist.net/character/14795/United_Kingdom
1214,"Fotia, Lio(リオ・フォーティア)",PromarePromare: Lio-hen,1387,https://myanimelist.net/character/168936/Lio_Fotia
1215,"Sakurai, Tomoki(桜井 智樹)",Sora no OtoshimonoSora no Otoshimono: Project PinkSora no Otoshimono Forte,1387,https://myanimelist.net/character/23490/Tomoki_Sakurai
1216,Zwei(ツヴァイ),Phantom The AnimationPhantom: Requiem for the PhantomPhantom: Requiem for the Phantom Picture Drama,1387,https://myanimelist.net/character/18160/Zwei
1217,"Augus, Mikazuki(三日月・オーガス)",Kidou Senshi Gundam: Tekketsu no OrphansKidou Senshi Gundam: Tekketsu no Orphans 2nd SeasonKidou Senshi Gundam: Tekketsu no Orphans - Tokubetsu-hen,1386,https://myanimelist.net/character/131894/Mikazuki_Augus
1218,"Gojou, Wakana(五条 新菜)",Sono Bisque Doll wa Koi wo SuruSono Bisque Doll wa Koi wo Suru Season 2,1385,https://myanimelist.net/character/166438/Wakana_Gojou
1219,"Heat, Brandon(ブランドン・ヒート/ビヨンド・ザ・グレイヴ)",Gungrave,1385,https://myanimelist.net/character/415/Brandon_Heat
1220,"Nanami, Touko(七海 燈子)",Yagate Kimi ni Naru,1382,https://myanimelist.net/character/137996/Touko_Nanami
1221,"Gamma, Narberal(ナーベラル・ガンマ / narberal・Γ)",Overlord: Oukoku no Kan-tachi - Drama CD-tsuki Tokusou-banOverlordOverlord: Ple Ple Pleiades,1382,https://myanimelist.net/character/117747/Narberal_Gamma
1222,"Teruhashi, Kokomi(照橋 心美)",Saiki Kusuo no Ψ-nanSaiki Kusuo no Ψ-nan 2Saiki Kusuo no Ψ-nan: Kanketsu-hen,1382,https://myanimelist.net/character/106145/Kokomi_Teruhashi
1223,"Jigen, Daisuke(次元 大介)",Lupin IIILupin III: Alcatraz ConnectionLupin III: Tenshi no Tactics - Yume no Kakera wa Koroshi no Kaori,1378,https://myanimelist.net/character/1045/Daisuke_Jigen
1224,"Zoldyck, Alluka(アルカ＝ゾルディック)",Hunter x Hunter (2011),1377,https://myanimelist.net/character/52425/Alluka_Zoldyck
1225,"Hasegawa, Kobato(羽瀬川 小鳩)",Boku wa Tomodachi ga SukunaiBoku wa Tomodachi ga Sukunai: Yaminabe wa Bishoujo ga Zannen na NioiBoku wa Tomodachi ga Sukunai: Relay Shousetsu wa Ketsumatsu ga Hanpanai,1375,https://myanimelist.net/character/37698/Kobato_Hasegawa
1226,Canti(カンチ),FLCLFLCL Progressive,1374,https://myanimelist.net/character/633/Canti
1227,"Clyne, Lacus(ラクス・クライン)",Kidou Senshi Gundam SEEDKidou Senshi Gundam SEED DestinyKidou Senshi Gundam SEED Destiny Final Plus: Erabareta Mirai,1369,https://myanimelist.net/character/116/Lacus_Clyne
1228,"Anjou, Naruko(安城 鳴子)",Ano Hi Mita Hana no Namae wo Bokutachi wa Mada Shiranai.Ano Hi Mita Hana no Namae wo Bokutachi wa Mada Shiranai. MovieAno Hi Mita Hana no Namae wo Bokutachi wa Mada Shiranai.: Menma e no Tegami,1366,https://myanimelist.net/character/40593/Naruko_Anjou
1229,Buggy(バギー),One Piece: Mezase! Kaizoku Yakyuu OuOne Piece: Kizamareru Rekishi! Gekidou no Shinkyuu Yonkou!One Piece,1364,https://myanimelist.net/character/725/Buggy
1230,Faputa(ファプタ),Made in Abyss: Retsujitsu no Ougonkyou,1362,https://myanimelist.net/character/153814/Faputa
1231,"Tachibana, Marika(橘 万里花)",NisekoiNisekoi OVANisekoi:,1362,https://myanimelist.net/character/66597/Marika_Tachibana
1232,"Shirogane, Naoto(白鐘 直斗)",Persona 4 the AnimationPersona 4 the Animation: No One is AlonePersona 4 the Golden Animation,1361,https://myanimelist.net/character/16249/Naoto_Shirogane
1233,"Odokawa, Hiroshi(小戸川 宏)",Odd TaxiOdd Taxi Movie: In the Woods,1360,https://myanimelist.net/character/191215/Hiroshi_Odokawa
1234,"Tanaka, Yukio(田中 幸雄)",Beck,1358,https://myanimelist.net/character/676/Yukio_Tanaka
1235,Thors(トールズ),Vinland SagaVinland Saga Season 2,1356,https://myanimelist.net/character/13021/Thors
1236,"Ralei, Ninym(ニニム・ラーレイ)",Tensai Ouji no Akaji Kokka Saisei JutsuTensai Ouji no Akaji Kokka Saisei Jutsu: Short Drama,1355,https://myanimelist.net/character/192049/Ninym_Ralei
1237,"Minakami, Mai(水上 麻衣)",Nichijou: Nichijou no 0-waNichijouNichijou: Original Jikai Yokoku,1354,https://myanimelist.net/character/10421/Mai_Minakami
1238,Diane(ディアンヌ),Nanatsu no TaizaiNanatsu no Taizai OVANanatsu no Taizai: Seisen no Shirushi,1348,https://myanimelist.net/character/74653/Diane
1239,Mumei(無名),Koutetsujou no KabaneriKoutetsujou no Kabaneri Movie 1: Tsudou HikariKoutetsujou no Kabaneri Movie 2: Moeru Inochi,1346,https://myanimelist.net/character/136529/Mumei
1240,"Nonaka, Haru(野中 晴)",Yesterday wo UtatteYesterday wo Utatte: Haishin-ban Episode,1345,https://myanimelist.net/character/11766/Haru_Nonaka
1241,"Nishikinomiya, Anna(アンナ・錦ノ宮)",Shimoneta to Iu Gainen ga Sonzai Shinai Taikutsu na Sekai,1344,https://myanimelist.net/character/115699/Anna_Nishikinomiya
1242,"Jones, Abigail(アビゲイル・ジョーンズ)",Great PretenderGreat Pretender: Razbliuto,1342,https://myanimelist.net/character/177628/Abigail_Jones
1243,"Araragi, Tsukihi(阿良々木 月火)",NisemonogatariMahou Shoujo Madoka★Magica Movie 3: Hangyaku no Monogatari - Magica Quartet x NisioisinBakemonogatari,1342,https://myanimelist.net/character/24195/Tsukihi_Araragi
1244,Übel(ユーベル),Sousou no Frieren,1340,https://myanimelist.net/character/206725/Übel
1245,"Bodewig, Laura(ラウラ・ボーデヴィッヒ)",IS: Infinite StratosIS: Infinite Stratos Encore - Koi ni Kogareru RokujuusouIS: Infinite Stratos 2,1338,https://myanimelist.net/character/35663/Laura_Bodewig
1246,"Maebara, Keiichi(前原 圭一)",Higurashi no Naku Koro niHigurashi no Naku Koro ni KaiHigurashi no Naku Koro ni Special: Nekogoroshi-hen,1338,https://myanimelist.net/character/1851/Keiichi_Maebara
1247,"Ayase, Eri(絢瀬 絵里)","Bokura no Live Kimi to no LifeSnow HalationNatsu-iro Egao de 1, 2, Jump!",1337,https://myanimelist.net/character/46173/Eri_Ayase
1248,"Persia, Juliet(ジュリエット・ペルシア)",Kishuku Gakkou no Juliet,1335,https://myanimelist.net/character/131194/Juliet_Persia
1249,"Matsumae, Ohana(松前 緒花)",Hanasaku IrohaHanasaku Iroha Movie: Home Sweet HomeUtopia,1332,https://myanimelist.net/character/36184/Ohana_Matsumae
1250,Syaoran(小狼),Tsubasa ChronicleTsubasa Chronicle: Tori Kago no Kuni no HimegimiTsubasa Chronicle 2nd Season,1332,https://myanimelist.net/character/126/Syaoran
1251,"Kobuchizawa, Shirase(小淵沢 報瀬)",Sora yori mo Tooi Basho,1329,https://myanimelist.net/character/157148/Shirase_Kobuchizawa
1252,"Makinami, Mari Illustrious(真希波・マリ・イラストリアス)","Evangelion Shito, Hakata ShuuraiEvangelion Movie 2: HaEvangelion Movie 3: Q",1327,https://myanimelist.net/character/21512/Mari_Illustrious_Makinami
1253,"Koyanagi, Hanako(小柳 花子)",Wotaku ni Koi wa MuzukashiiWotaku ni Koi wa Muzukashii OVA,1325,https://myanimelist.net/character/137265/Hanako_Koyanagi
1254,"von Oberstein, Paul(パウル・フォン・オーベルシュタイン)",Ginga Eiyuu DensetsuGinga Eiyuu Densetsu: Waga Yuku wa Hoshi no TaikaiGinga Eiyuu Densetsu: Die Neue These - Kaikou,1325,https://myanimelist.net/character/12898/Paul_von_Oberstein
1255,"Usagiyama, Rumi(兎山 ルミ)",Boku no Hero Academia 4th SeasonBoku no Hero Academia 5th SeasonBoku no Hero Academia 6th Season,1324,https://myanimelist.net/character/162596/Rumi_Usagiyama
1256,"Mizuno, Ami(水野 亜美)",Bishoujo Senshi Sailor MoonBishoujo Senshi Sailor Moon R: The MovieBishoujo Senshi Sailor Moon S,1324,https://myanimelist.net/character/2366/Ami_Mizuno
1257,"Kamishiro, Rize(神代 利世)",Tokyo GhoulTokyo Ghoul:re 2nd Season,1322,https://myanimelist.net/character/103409/Rize_Kamishiro
1258,Kofuku(エビス 小福),NoragamiNoragami OVANoragami Aragoto,1320,https://myanimelist.net/character/92851/Kofuku
1259,Mizuki(瑞希),Kamisama HajimemashitaKamisama Hajimemashita OVAKamisama Hajimemashita◎,1320,https://myanimelist.net/character/37872/Mizuki
1260,"Kanda, Sorata(神田 空太)",Sakura-sou no Pet na Kanojo,1317,https://myanimelist.net/character/64169/Sorata_Kanda
1261,Perona(ペローナ),One PieceOne Piece: Nenmatsu Tokubetsu Kikaku! Mugiwara no Luffy Oyabun TorimonochouOne Piece 3D2Y: Ace no shi wo Koete! Luffy Nakama Tono Chikai,1315,https://myanimelist.net/character/7467/Perona
1262,Kishibe (岸辺),Chainsaw Man,1312,https://myanimelist.net/character/174748/Kishibe_
1263,Senshi(センシ),Dungeon Meshi PVsDungeon MeshiDungeon Meshi 2nd Season,1312,https://myanimelist.net/character/134265/Senshi
1264,"Shiodome, Miuna(潮留 美海)",Nagi no Asu kara,1311,https://myanimelist.net/character/92743/Miuna_Shiodome
1265,"Kawamoto, Akari(川本 あかり)",3-gatsu no Lion3-gatsu no Lion Recap3-gatsu no Lion 2nd Season,1311,https://myanimelist.net/character/24311/Akari_Kawamoto
1266,"Gundou, Misuzu(群堂 みすず)",Tomo-chan wa Onnanoko!,1308,https://myanimelist.net/character/132226/Misuzu_Gundou
1267,"Sakura, Futaba(佐倉 双葉)",Persona 5 the Animation TV SpecialsPersona 5 the AnimationPersona 5 the Animation Specials,1300,https://myanimelist.net/character/142802/Futaba_Sakura
1268,"Kagemori, Michiru(影森 みちる)",BNA,1297,https://myanimelist.net/character/176430/Michiru_Kagemori
1269,"Hyuuga, Natsume(日向 棗)",Gakuen Alice,1296,https://myanimelist.net/character/2394/Natsume_Hyuuga
1270,"Takamachi, Nanoha(高町 なのは)",Mahou Shoujo Lyrical NanohaMahou Shoujo Lyrical Nanoha A'sMahou Shoujo Lyrical Nanoha StrikerS,1295,https://myanimelist.net/character/2010/Nanoha_Takamachi
1271,"Aizawa, Tomo(相沢 智)",Tomo-chan wa Onnanoko!,1294,https://myanimelist.net/character/132225/Tomo_Aizawa
1272,"Kitashirakawa, Tamako(北白川 たまこ)",Tamako MarketTamako Market SpecialsTamako Love Story,1294,https://myanimelist.net/character/74850/Tamako_Kitashirakawa
1273,"Hirose, Kouichi(広瀬 康一)",JoJo no Kimyou na Bouken Part 4: Diamond wa KudakenaiKishibe Rohan wa UgokanaiJoJo no Kimyou na Bouken Part 5: Ougon no Kaze,1294,https://myanimelist.net/character/24496/Kouichi_Hirose
1274,"Shinazugawa, Sanemi(不死川 実弥)",Kimetsu no YaibaKimetsu no Yaiba Movie: Mugen Ressha-henChuukou Ikkan!! Kimetsu Gakuen Monogatari: Valentine-hen,1290,https://myanimelist.net/character/151149/Sanemi_Shinazugawa
1275,"Hiiragi, Shinya(柊 深夜)",Owari no SeraphOwari no Seraph: Nagoya Kessen-henOwaranai Seraph,1287,https://myanimelist.net/character/112745/Shinya_Hiiragi
1276,"Akasaka, Ryuunosuke(赤坂 龍之介)",Sakura-sou no Pet na Kanojo,1286,https://myanimelist.net/character/64173/Ryuunosuke_Akasaka
1277,King(キング),One Punch ManOne Punch Man SpecialsOne Punch Man 2nd Season,1283,https://myanimelist.net/character/94239/King
1278,"Seki, Masumi(関 真澄)",,1282,https://myanimelist.net/character/58561/Masumi_Seki
1279,"Himemiya, Anthy(姫宮 アンシー)",Shoujo Kakumei UtenaShoujo Kakumei Utena: Adolescence Mokushiroku,1282,https://myanimelist.net/character/748/Anthy_Himemiya
1280,"Yamada, Akito(山田 秋斗)",Yamada-kun to Lv999 no Koi wo Suru,1281,https://myanimelist.net/character/181419/Akito_Yamada
1281,"Iida, Tenya(飯田 天哉)",Boku no Hero AcademiaBoku no Hero Academia 2nd SeasonBoku no Hero Academia: Sukue! Kyuujo Kunren!,1281,https://myanimelist.net/character/117913/Tenya_Iida
1282,"Kawabuchi, Sentarou(川渕 千太郎)",Sakamichi no Apollon,1281,https://myanimelist.net/character/56861/Sentarou_Kawabuchi
1283,"Hanato, Kobato(花戸 小鳩)",Kobato.Kobato.: Hajimete no Kobato.,1281,https://myanimelist.net/character/5343/Kobato_Hanato
1284,"Pappitson, Charmy(チャーミー・パピットソン)",Black CloverBlack Clover: Jump Festa 2018 SpecialMugyutto! Black Clover,1280,https://myanimelist.net/character/143724/Charmy_Pappitson
1285,"Matsuno, Ichimatsu(松野 一松)",Osomatsu-kun (1988)Osomatsu-kunOsomatsu-san,1277,https://myanimelist.net/character/130934/Ichimatsu_Matsuno
1286,"Liones, Elizabeth(エリザベス・リオネス)",Nanatsu no TaizaiNanatsu no Taizai OVANanatsu no Taizai: Seisen no Shirushi,1277,https://myanimelist.net/character/72923/Elizabeth_Liones
1287,"Kaji, Ryouji(加持 リョウジ)","Shinseiki EvangelionShinseiki Evangelion Movie: Shi to ShinseiShinseiki Evangelion Movie: Air/Magokoro wo, Kimi ni",1277,https://myanimelist.net/character/1260/Ryouji_Kaji
1288,"Yamada Asaemon, Sagiri(山田浅ェ門 佐切)",JigokurakuJigokuraku 2nd Season,1276,https://myanimelist.net/character/173139/Sagiri_Yamada_Asaemon
1289,Miyagi(ミヤギ),,1276,https://myanimelist.net/character/158935/Miyagi
1290,"Kuga, Yuuma(空閑 遊真)",World TriggerWorld Trigger 2nd SeasonWorld Trigger 3rd Season,1276,https://myanimelist.net/character/81239/Yuuma_Kuga
1291,"Hanemiya, Kazutora(羽宮 一虎)",Tokyo RevengersTokyo Revengers: Seiya Kessen-henTokyo Revengers: Tenjiku-hen,1271,https://myanimelist.net/character/173219/Kazutora_Hanemiya
1292,Link(リンク),Hikari no Megami,1271,https://myanimelist.net/character/4201/Link
1293,Temari(テマリ),NarutoNaruto Narutimate Hero 3: Tsuini Gekitotsu! Jounin vs. Genin!! Musabetsu Dairansen Taikai Kaisai!!Naruto: Shippuuden,1271,https://myanimelist.net/character/2174/Temari
1294,"Iguro, Obanai(伊黒 小芭内)",Kimetsu no YaibaKimetsu no Yaiba Movie: Mugen Ressha-henKimetsu no Yaiba: Yuukaku-hen,1270,https://myanimelist.net/character/151148/Obanai_Iguro
1295,Frankenstein(프랑켄슈타인 / フランケンシュタイン　),Noblesse: AwakeningNoblesseNoblesse: Pamyeol-ui Sijak,1270,https://myanimelist.net/character/48753/Frankenstein
1296,"de Lute Ima, Elucia(エリュシア・デ・ルート・イーマ)",Kami nomi zo Shiru SekaiKami nomi zo Shiru Sekai: Flag 0Kami nomi zo Shiru Sekai II,1270,https://myanimelist.net/character/14015/Elucia_de_Lute_Ima
1297,Bulma(ブルマ),Dragon BallDragon Ball Movie 1: Shen Long no DensetsuDragon Ball Movie 2: Majinjou no Nemurihime,1268,https://myanimelist.net/character/678/Bulma
1298,"Katsura, Kotonoha(桂 言葉)",School Days ONASchool DaysSchool Days: Magical Heart Kokoro-chan,1266,https://myanimelist.net/character/3359/Kotonoha_Katsura
1299,Crocodile(クロコダイル),One Piece Movie 08: Episode of Alabasta - Sabaku no Oujo to Kaizoku-tachiOne Piece: Episode of Alabasta - PrologueOne Piece,1264,https://myanimelist.net/character/2749/Crocodile
1300,Demiurge(デミウルゴス),OverlordOverlord: Ple Ple Pleiades - Nazarick Saidai no KikiOverlord Movie 1: Fushisha no Ou,1260,https://myanimelist.net/character/116323/Demiurge
1301,"Takagi, Akito(高木秋人)",Bakuman.Bakuman. 2nd SeasonBakuman. 3rd Season,1259,https://myanimelist.net/character/14552/Akito_Takagi
1302,"Jahad, Endorsi(엔도르시 자하드 / エンドロシ・ザハード)",Kami no TouKami no Tou: Ouji no KikanKami no Tou: Koubou-sen,1258,https://myanimelist.net/character/175865/Endorsi_Jahad
1303,"Minami, Maho(南 真帆)",Beck,1257,https://myanimelist.net/character/2755/Maho_Minami
1304,"Seo, Yuzuki(瀬尾 結月)",Gekkan Shoujo Nozaki-kunGekkan Shoujo Nozaki-kun Specials,1256,https://myanimelist.net/character/88395/Yuzuki_Seo
1305,Komugi(コムギ),Hunter x Hunter (2011),1255,https://myanimelist.net/character/14313/Komugi
1306,"Ichikawa, Kyoutarou(市川 京太郎)",Boku no Kokoro no Yabai YatsuBoku no Kokoro no Yabai Yatsu 2nd SeasonBoku no Kokoro no Yabai Yatsu: Twi-Yaba,1253,https://myanimelist.net/character/185229/Kyoutarou_Ichikawa
1307,Nymph(ニンフ),Sora no OtoshimonoSora no Otoshimono: Project PinkSora no Otoshimono Forte,1249,https://myanimelist.net/character/23496/Nymph
1308,"Kaga, Rin(鹿賀 りん)",Usagi DropUsagi Drop Specials,1249,https://myanimelist.net/character/12669/Rin_Kaga
1309,Killy(霧亥),Blame!Blame! SpecialBlame! Prologue,1249,https://myanimelist.net/character/3762/Killy
1310,Hanyuu(羽入),Higurashi no Naku Koro ni KaiHigurashi no Naku Koro ni ReiHigurashi no Naku Koro ni Kira,1249,https://myanimelist.net/character/3128/Hanyuu
1311,"Wraithraiser, Rak(라크 레크레이셔 / ラーク・レクレイシャー)",Kami no TouKami no Tou: Ouji no KikanKami no Tou: Koubou-sen,1247,https://myanimelist.net/character/175704/Rak_Wraithraiser
1312,"Momose, Narumi(桃瀬 成海)",Wotaku ni Koi wa MuzukashiiWotaku ni Koi wa Muzukashii OVA,1247,https://myanimelist.net/character/134464/Narumi_Momose
1313,"Iwanaga, Kotoko(岩永 琴子)",Kyokou SuiriKyokou Suiri Mini AnimeKyokou Uranai,1247,https://myanimelist.net/character/128943/Kotoko_Iwanaga
1314,"Mikazuki, Yozora(三日月 夜空)",Boku wa Tomodachi ga SukunaiBoku wa Tomodachi ga Sukunai: Yaminabe wa Bishoujo ga Zannen na NioiBoku wa Tomodachi ga Sukunai: Relay Shousetsu wa Ketsumatsu ga Hanpanai,1247,https://myanimelist.net/character/37513/Yozora_Mikazuki
1315,"Hinata, Hideki(日向 秀樹)",Angel Beats! SpecialsAngel Beats!Kaginado,1246,https://myanimelist.net/character/24503/Hideki_Hinata
1316,"Tateyama, Ayano(楯山 文乃)",Mekakucity ActorsMekakucity RecordsAdditional Memory,1243,https://myanimelist.net/character/67957/Ayano_Tateyama
1317,"Asakura, Hao(朝倉 ハオ)",Shaman KingShaman King (2021)Shaman King: Flowers,1239,https://myanimelist.net/character/172/Hao_Asakura
1318,Bulat(ブラート),Akame ga Kill!AkaKill! GekijouAkame ga Kill! Recap,1238,https://myanimelist.net/character/65235/Bulat
1319,"Lee, Lenalee(リナリー・リー)",D.Gray-manD.Gray-man Hallow,1238,https://myanimelist.net/character/141/Lenalee_Lee
1320,Sakura(サクラ),Tsubasa ChronicleTsubasa Chronicle: Tori Kago no Kuni no HimegimiTsubasa Chronicle 2nd Season,1237,https://myanimelist.net/character/127/Sakura
1321,Kuro(クロ),ServampServamp SpecialsServamp Movie: Alice in the Garden,1236,https://myanimelist.net/character/84811/Kuro
1322,Judar(ジュダル),Magi: The Labyrinth of MagicMagi: The Kingdom of Magic,1235,https://myanimelist.net/character/42502/Judar
1323,"Saitou, Hajime(斎藤 一)",Rurouni Kenshin: Meiji Kenkaku Romantan - Tsuioku-henRurouni Kenshin: Meiji Kenkaku RomantanRurouni Kenshin: Meiji Kenkaku Romantan - Ishinshishi e no Chinkonka,1234,https://myanimelist.net/character/1409/Hajime_Saitou
1324,"Sakurada, Miwako(櫻田 実和子)",Paradise Kiss,1233,https://myanimelist.net/character/433/Miwako_Sakurada
1325,Ozu(小津),Yojouhan Shinwa TaikeiYojouhan Shinwa Taikei SpecialsYojouhan Time Machine Blues,1231,https://myanimelist.net/character/32556/Ozu
1326,"Morinozuka, Takashi(銛之塚 崇)",Ouran Koukou Host Club,1230,https://myanimelist.net/character/21/Takashi_Morinozuka
1327,"Uchiha, Sarada(うちは サラダ)",Boruto: Naruto the MovieBoruto: Naruto Next GenerationsBoruto: Jump Festa 2016 Special,1226,https://myanimelist.net/character/117791/Sarada_Uchiha
1328,"Kazami, Kazuki(風見 一姫)",Grisaia no Kajitsu SpecialsGrisaia no Meikyuu: Caprice no Mayu 0 - Takizono Basketball Club no Nama Cream Party!Grisaia no Rakuen Specials,1225,https://myanimelist.net/character/89705/Kazuki_Kazami
1329,"Forster, Floch(フロック・フォルスター)",Shingeki no Kyojin Season 3Shingeki no Kyojin Season 3 Part 2Shingeki no Kyojin Season 3 Specials,1222,https://myanimelist.net/character/149624/Floch_Forster
1330,"Fushimi, Saruhiko(伏見 猿比古)",K: Missing Kings - Manner MovieK: Seven Stories Movie 4 - Lost Small World - Ori no Mukou niK,1222,https://myanimelist.net/character/64621/Saruhiko_Fushimi
1331,Hana(花),Ookami Kodomo no Ame to Yuki,1220,https://myanimelist.net/character/60279/Hana
1332,Asirpa(アシㇼパ),Golden KamuyGolden Douga GekijouGolden Kamuy 2nd Season,1218,https://myanimelist.net/character/138552/Asirpa
1333,"Amakusa, Shino(天草 シノ)",Seitokai YakuindomoSeitokai Yakuindomo OVASeitokai Yakuindomo*,1215,https://myanimelist.net/character/32797/Shino_Amakusa
1334,"Shiga, Haruki(志賀 春樹)",Kimi no Suizou wo Tabetai,1212,https://myanimelist.net/character/158197/Haruki_Shiga
1335,Ebisu(恵比寿),DorohedoroDorohedoro: Ma no Omake,1212,https://myanimelist.net/character/16063/Ebisu
1336,"Yoshida, Yuuko(吉田 優子)",Machikado MazokuMachikado Mazoku MiniMachikado Mazoku: 2-choume,1207,https://myanimelist.net/character/170466/Yuuko_Yoshida
1337,"Gardner, Rachel(レイチェル・ガードナー)",Satsuriku no Tenshi,1207,https://myanimelist.net/character/138442/Rachel_Gardner
1338,"Isana, Yashiro(伊佐那 社)",KK: Return of KingsK: Seven Stories Movie 6 - Circle Vision - Nameless Song,1207,https://myanimelist.net/character/64591/Yashiro_Isana
1339,Diavolo(ディアボロ),JoJo no Kimyou na Bouken Part 5: Ougon no KazeJoJo no Kimyou na Bouken Part 5: Ougon no Kaze Recaps,1207,https://myanimelist.net/character/27155/Diavolo
1340,"Kozuki, Oden(光月おでん)",One Piece,1205,https://myanimelist.net/character/166944/Oden_Kozuki
1341,Yunyun(ゆんゆん),Kono Subarashii Sekai ni Shukufuku wo!: Kono Subarashii Choker ni Shukufuku wo!Kono Subarashii Sekai ni Bakuen wo!Kono Subarashii Sekai ni Shukufuku wo! 2,1205,https://myanimelist.net/character/124753/Yunyun
1342,"Liebert, Anna(アンナ・リーベルト)",MonsterMonster Extra: Hottan,1205,https://myanimelist.net/character/720/Anna_Liebert
1343,Kiba(キバ),Wolf's RainWolf's Rain OVA,1205,https://myanimelist.net/character/241/Kiba
1344,"Otonashi, Maria(音無 麻理亜)",,1204,https://myanimelist.net/character/87721/Maria_Otonashi
1345,Aegis(アイギス),Persona 3 the Movie 2: Midsummer Knight's DreamPersona 3 the Movie 3: Falling DownPersona 3 the Movie 4: Winter of Rebirth,1204,https://myanimelist.net/character/6207/Aegis
1346,"Amano, Hina(天野 陽菜)",Tenki no Ko,1202,https://myanimelist.net/character/167172/Hina_Amano
1347,"Fair, Zack(ザック・フェア)",Final Fantasy VII: Last OrderFinal Fantasy VII: Advent ChildrenFinal Fantasy VII: Advent Children Complete,1202,https://myanimelist.net/character/4319/Zack_Fair
1348,"Kirishima, Ayato(霧嶋 絢都)",Tokyo GhoulTokyo Ghoul √ATokyo Ghoul:re,1200,https://myanimelist.net/character/105231/Ayato_Kirishima
1349,"Oyama, Mahiro(緒山 まひろ)",Oniichan wa Oshimai!,1199,https://myanimelist.net/character/161357/Mahiro_Oyama
1350,Doraemon(ドラえもん),DoraemonDoraemon Movie 26: Nobita no Kyouryuu 2006Doraemon Movie 24: Nobita to Fushigi Kaze Tsukai,1199,https://myanimelist.net/character/4304/Doraemon
1351,Kikyou(桔梗),InuYashaInuYasha Movie 4: Guren no HouraijimaInuYasha Movie 2: Kagami no Naka no Mugenjou,1199,https://myanimelist.net/character/1359/Kikyou
1352,Gareki(花礫),KarnevalKarneval (TV)Karneval Specials,1197,https://myanimelist.net/character/16700/Gareki
1353,"Izumi, Kyouka(泉 鏡花)",Bungou Stray DogsBungou Stray Dogs 2nd SeasonBungou Stray Dogs: Dead Apple,1195,https://myanimelist.net/character/132573/Kyouka_Izumi
1354,"Ray, Amuro(アムロ・レイ)",Kidou Senshi GundamKidou Senshi Gundam: Gyakushuu no CharKidou Senshi Gundam I,1193,https://myanimelist.net/character/1335/Amuro_Ray
1355,"Kitano, Ken(北野 堅)",,1191,https://myanimelist.net/character/13824/Ken_Kitano
1356,"Makinohara, Shouko(牧之原 翔子)",Seishun Buta Yarou wa Yumemiru Shoujo no Yume wo MinaiSeishun Buta Yarou wa Bunny Girl Senpai no Yume wo MinaiSeishun Buta Yarou wa Randoseru Girl no Yume wo Minai,1190,https://myanimelist.net/character/149616/Shouko_Makinohara
1357,"Azumane, Asahi(東峰 旭)",Haikyuu!!Haikyuu!! Lev Genzan!Haikyuu!! Second Season,1190,https://myanimelist.net/character/67333/Asahi_Azumane
1358,"Hiiragi, Utena(柊 うてな)",Mahou Shoujo ni Akogarete,1189,https://myanimelist.net/character/193067/Utena_Hiiragi
1359,"Matsuno, Karamatsu(松野 カラ松)",Osomatsu-kun (1988)Osomatsu-kunOsomatsu-san,1189,https://myanimelist.net/character/130932/Karamatsu_Matsuno
1360,"Sakamaki, Ayato(逆巻 アヤト)",Diabolik LoversDiabolik Lovers RecapDiabolik Lovers OVA,1189,https://myanimelist.net/character/79541/Ayato_Sakamaki
1361,Hoozuki(鬼灯),Hoozuki no ReitetsuHoozuki no Reitetsu OVAHoozuki no Reitetsu 2nd Season,1188,https://myanimelist.net/character/79669/Hoozuki
1362,"Souma, Ayame(草摩 綾女)",Fruits BasketFruits Basket 1st SeasonFruits Basket 2nd Season,1186,https://myanimelist.net/character/370/Ayame_Souma
1363,"Takano, Masamune(高野 政宗)",Sekaiichi Hatsukoi OVASekaiichi HatsukoiSekaiichi Hatsukoi 2,1182,https://myanimelist.net/character/30050/Masamune_Takano
1364,"Prussia(プロイセン, ギルベルト・バイルシュミット, 俺様)","Hetalia Axis Powers Fan DiscHetalia Axis PowersHetalia Axis Powers Movie: Paint it, White",1182,https://myanimelist.net/character/18497/Prussia
1365,"Ideale, Zora(ゾラ・イデアーレ)",Black CloverBlack Clover: Mahou Tei no Ken,1181,https://myanimelist.net/character/156018/Zora_Ideale
1366,"Tsukamoto, Yakumo(塚本 八雲)",School RumbleSchool Rumble: Ichi Gakki HoshuuSchool Rumble Ni Gakki,1180,https://myanimelist.net/character/202/Yakumo_Tsukamoto
1367,"Kunikida, Doppo(国木田 独歩)",Bungou Stray Dogs: Hitori AyumuBungou Stray DogsBungou Stray Dogs 2nd Season,1179,https://myanimelist.net/character/132503/Doppo_Kunikida
1368,Weather Report(ウェザー・リポート),JoJo no Kimyou na Bouken Part 6: Stone OceanJoJo no Kimyou na Bouken Part 6: Stone Ocean Part 2JoJo no Kimyou na Bouken Part 6: Stone Ocean Part 3,1179,https://myanimelist.net/character/17675/Weather_Report
1369,Sebas Tian(セバス・チャン),OverlordOverlord: Ple Ple Pleiades - Nazarick Saidai no KikiOverlord Movie 1: Fushisha no Ou,1178,https://myanimelist.net/character/116279/Sebas_Tian
1370,"Arima, Ahiru(有馬 あひる)",Princess TutuPrincess Tutu Recaps,1178,https://myanimelist.net/character/1049/Ahiru_Arima
1371,"Freecss, Ging(ジン＝フリークス)",Hunter x HunterHunter x Hunter: Greed IslandHunter x Hunter: Greed Island Final,1178,https://myanimelist.net/character/26/Ging_Freecss
1372,"Sagara, Sanosuke(相楽 佐之助)",Rurouni Kenshin: Meiji Kenkaku RomantanRurouni Kenshin: Meiji Kenkaku Romantan - Ishinshishi e no ChinkonkaRurouni Kenshin: Meiji Kenkaku Romantan - Seisou-hen,1177,https://myanimelist.net/character/149/Sanosuke_Sagara
1373,Sora(ソラ),,1176,https://myanimelist.net/character/3699/Sora
1374,"Beelzebub IV, Kaiser de Emperana(カイゼル・デ・エンペラーナ・ベルゼバブ4世)",Beelzebub: Hirotta Akachan wa Daimaou!?BeelzebubBeelzebub Specials,1174,https://myanimelist.net/character/21154/Kaiser_de_Emperana_Beelzebub_IV
1375,Dororo(どろろ),Dororo to HyakkimaruDororo PilotDororo,1173,https://myanimelist.net/character/18130/Dororo
1376,"Todoroki, Enji(轟炎司)",Boku no Hero Academia the Movie 3: World Heroes' Mission - TabidachiBoku no Hero Academia 2nd SeasonBoku no Hero Academia: Sukue! Kyuujo Kunren!,1172,https://myanimelist.net/character/141624/Enji_Todoroki
1377,"Komuro, Takashi(小室 孝)",Highschool of the DeadHighschool of the Dead: Drifters of the Dead,1170,https://myanimelist.net/character/6045/Takashi_Komuro
1378,"Madarame, Baku(斑目 貘)",Usogui,1169,https://myanimelist.net/character/68809/Baku_Madarame
1379,"el Bridget, Satellizer(サテライザー＝エル＝ブリジット)",FreezingFreezing SpecialsFreezing Vibration,1169,https://myanimelist.net/character/19241/Satellizer_el_Bridget
1380,"Suzukaze, Aoba(涼風 青葉)","New Game!New Game! Watashi, Shain Ryokou tte Hajimete nanode...New Game!!",1168,https://myanimelist.net/character/129052/Aoba_Suzukaze
1381,Nona(ノーナー),Death Parade,1168,https://myanimelist.net/character/118993/Nona
1382,Louis(ルイ),BeastarsBeastars 2nd SeasonYasashii Suisei,1165,https://myanimelist.net/character/164219/Louis
1383,"Uesugi, Fuutarou(上杉 風太郎)",5-toubun no Hanayome5-toubun no Hanayome ∬5-toubun no Hanayome Movie,1165,https://myanimelist.net/character/159332/Fuutarou_Uesugi
1384,Josee(ジョゼ),Josee to Tora to Sakana-tachi,1160,https://myanimelist.net/character/185511/Josee
1385,Foo Fighters(フー・ファイターズ),JoJo no Kimyou na Bouken Part 6: Stone OceanJoJo no Kimyou na Bouken Part 6: Stone Ocean Part 2,1160,https://myanimelist.net/character/32507/Foo_Fighters
1386,Jack the Ripper(切り裂きジャック),Shuumatsu no Walküre IIShuumatsu no Walküre II Mini AnimeShuumatsu no Walküre II Part 2,1159,https://myanimelist.net/character/177545/Jack_the_Ripper
1387,"Hattori, Heiji(服部 平次)",Meitantei Conan Movie 07: Meikyuu no CrossroadMeitantei Conan OVA 06: Kieta Daiya wo Oe! Conan & Heiji VS Kid!Meitantei Conan Movie 10: Tantei-tachi no Requiem,1159,https://myanimelist.net/character/1745/Heiji_Hattori
1388,Lambo(ランボ),"Katekyou Hitman Reborn!Katekyou Hitman Reborn! Vongola Family Soutoujou! Vongola Shiki Shuugakuryokou, Kuru!!Katekyou Hitman Reborn! x ēlDLIVE Special",1157,https://myanimelist.net/character/1859/Lambo
1389,"Fubuki, Shirou(吹雪 士郎)",Inazuma ElevenInazuma Eleven: Saikyou Gundan Ogre ShuuraiInazuma Eleven Go,1155,https://myanimelist.net/character/26939/Shirou_Fubuki
1390,Jae-ha(ジェハ),Akatsuki no YonaAkatsuki no Yona OVA,1154,https://myanimelist.net/character/67751/Jae-ha
1391,Muten-Roushi(武天老師 / 亀仙人),Dragon BallDragon Ball SpecialsDragon Ball GT,1153,https://myanimelist.net/character/6167/Muten-Roushi
1392,Benimaru(ベニマル),Genjitsu no Rimuru: Sunshine in the SlimeTensei shitara Slime Datta KenTensei shitara Slime Datta Ken OVA,1150,https://myanimelist.net/character/131944/Benimaru
1393,"Naruse, Kakeru(成瀬 翔)",OrangeOrange: Mirai,1148,https://myanimelist.net/character/66593/Kakeru_Naruse
1394,"Souma, Hatori(草摩 はとり)",Fruits BasketFruits Basket 1st SeasonFruits Basket 2nd Season,1148,https://myanimelist.net/character/368/Hatori_Souma
1395,"Fukawa, Touko(腐川 冬子)",Danganronpa: Kibou no Gakuen to Zetsubou no Koukousei The AnimationDanganronpa 3: The End of Kibougamine Gakuen - Mirai-henDanganronpa 3: The End of Kibougamine Gakuen - Zetsubou-hen,1147,https://myanimelist.net/character/65529/Touko_Fukawa
1396,"Arachnera, Rachnera(ラチネラ・アラチネラ)",Monster Musume no Iru NichijouMonster Musume no Iru Nichijou: Hobo Mainichi ◯◯! Namappoi DougaMonster Musume no Iru Nichijou OVA,1145,https://myanimelist.net/character/86199/Rachnera_Arachnera
1397,"Gottwald, Jeremiah(ジェレミア・ゴットバルト)",Code Geass: Hangyaku no LelouchCode Geass: Hangyaku no Lelouch Picture DramaCode Geass: Hangyaku no Lelouch Recaps,1144,https://myanimelist.net/character/1113/Jeremiah_Gottwald
1398,"Tsukimiya, Ayu(月宮 あゆ)",KanonKanon KazahanaKanon (2006),1143,https://myanimelist.net/character/250/Ayu_Tsukimiya
1399,"Ichijou, Raku(一条 楽)",NisekoiNisekoi OVANisekoi:,1140,https://myanimelist.net/character/48393/Raku_Ichijou
1400,"Nanami, Ryuusui(龍水 七海)",Dr. Stone: New WorldDr. Stone: RyuusuiDr. Stone: New World Part 2,1139,https://myanimelist.net/character/172220/Ryuusui_Nanami
1401,The Saint(イエス),,1138,https://myanimelist.net/character/87201/The_Saint
1402,"Hazama, Kuroo(間 黒男)",Black Jack Specials: Inochi wo Meguru Yottsu no KisekiBlack JackBlack Jack the Movie,1138,https://myanimelist.net/character/1344/Kuroo_Hazama
1403,"Testarossa, Teletha(テレサ・テスタロッサ)",Full Metal Panic!Full Metal Panic! The Second RaidFull Metal Panic! The Second Raid: Wari to Hima na Sentaichou no Ichinichi,1138,https://myanimelist.net/character/273/Teletha_Testarossa
1404,"Fujinuma, Sachiko(藤沼 佐知子)",Boku dake ga Inai Machi,1137,https://myanimelist.net/character/130214/Sachiko_Fujinuma
1405,"Hiramaru, Kazuya(平丸 一也)",Bakuman.Bakuman. 2nd SeasonBakuman. 3rd Season,1137,https://myanimelist.net/character/22818/Kazuya_Hiramaru
1406,Sonic the Hedgehog(ソニック・ザ・ヘッジホッグ),Sonic XSonic★the★HedgehogSonic: Night of the WereHog,1137,https://myanimelist.net/character/2882/Sonic_the_Hedgehog
1407,"Argento, Asia(アーシア・アルジェント)",High School DxDHigh School DxD OVAHigh School DxD Specials,1136,https://myanimelist.net/character/51335/Asia_Argento
1408,"Naegi, Makoto(苗木 誠)",Danganronpa: Kibou no Gakuen to Zetsubou no Koukousei The AnimationDanganronpa 3: The End of Kibougamine Gakuen - Mirai-henDanganronpa 3: The End of Kibougamine Gakuen - Kibou-hen,1134,https://myanimelist.net/character/63851/Makoto_Naegi
1409,"Crosszeria, Luka(ルカ＝クロスゼリア)",Uragiri wa Boku no Namae wo Shitteiru,1134,https://myanimelist.net/character/13460/Luka_Crosszeria
1410,"Samurai, Afro(アフロサムライ)",Afro SamuraiAfro Samurai: ResurrectionAfro Samurai Movie,1134,https://myanimelist.net/character/2549/Afro_Samurai
1411,"Kubo, Nagisa(久保 渚咲)",Kubo-san wa Mob wo Yurusanai,1132,https://myanimelist.net/character/179622/Nagisa_Kubo
1412,"Fudou, Yuusei(不動 遊星)",Yu☆Gi☆Oh! 5D'sYu☆Gi☆Oh! 5D's: Shinkasuru Kettou! Stardust vs. Red Demon'sYu☆Gi☆Oh! Movie: Chou Yuugou! Toki wo Koeta Kizuna,1132,https://myanimelist.net/character/9700/Yuusei_Fudou
1413,"Ajiro, Shinpei(網代 慎平)",Summertime Render,1131,https://myanimelist.net/character/170610/Shinpei_Ajiro
1414,"Kurokami, Medaka(黒神 めだか)",Medaka BoxMedaka Box Abnormal,1130,https://myanimelist.net/character/21794/Medaka_Kurokami
1415,"Sendo, Takeshi(千堂 武士)",Hajime no IppoHajime no Ippo: Champion RoadHajime no Ippo: New Challenger,1130,https://myanimelist.net/character/1821/Takeshi_Sendo
1416,"Hinata, Hajime(日向 創)",Danganronpa 3: The End of Kibougamine Gakuen - Zetsubou-henDanganronpa 3: The End of Kibougamine Gakuen - Kibou-henSuper Danganronpa 2.5: Komaeda Nagito to Sekai no Hakaisha,1129,https://myanimelist.net/character/73203/Hajime_Hinata
1417,"Yusa, Emi(遊佐 恵美 / エミリア・ユスティーナ)",Hataraku Maou-sama!Hataraku Maou-sama!!Hataraku Maou-sama!! 2nd Season,1129,https://myanimelist.net/character/70735/Emi_Yusa
1418,"Suwen, Otto(オットー・スーウェン)",Re:Zero kara Hajimeru Isekai SeikatsuRe:Zero kara Hajimeru Isekai Seikatsu 2nd SeasonIsekai Quartet Movie: Another World,1127,https://myanimelist.net/character/141438/Otto_Suwen
1419,"Amano, Yukiteru(天野 雪輝)",Mirai NikkiMirai Nikki (TV)Mirai Nikki (TV): Ura Mirai Nikki,1127,https://myanimelist.net/character/4962/Yukiteru_Amano
1420,"Saten, Ruiko(佐天 涙子)",Toaru Kagaku no RailgunToaru Kagaku no Railgun: Motto Marutto RailgunToaru Kagaku no Railgun: Misaka-san wa Ima Chuumoku no Mato desu kara,1121,https://myanimelist.net/character/20626/Ruiko_Saten
1421,Ishtar(イシュタル),Fate/Grand Order: Zettai Majuu Sensen BabyloniaFate/Grand OrderFate/Grand Order: Moonlight/Lostroom,1120,https://myanimelist.net/character/157442/Ishtar
1422,"Otonashi, Saya(音無小夜)",Blood+,1119,https://myanimelist.net/character/836/Saya_Otonashi
1423,Elizabeth(エリザベス / 江蓮),Gintama Movie 1: Shinyaku Benizakura-henGintamaGintama: Nanigoto mo Saisho ga Kanjin nanode Tashou Senobisuru Kurai ga Choudoyoi,1113,https://myanimelist.net/character/2946/Elizabeth
1424,"Cavendish, Diana(ダイアナ・キャベンディッシュ)",Little Witch AcademiaLittle Witch Academia: Mahoujikake no ParadeLittle Witch Academia (TV),1112,https://myanimelist.net/character/81709/Diana_Cavendish
1425,"Oikura, Sodachi(老倉 育)",OwarimonogatariZoku OwarimonogatariMonogatari Series: Off & Monster Season,1110,https://myanimelist.net/character/130739/Sodachi_Oikura
1426,"Mishima, Hitomi(三嶋 瞳)",Hinamatsuri,1110,https://myanimelist.net/character/100421/Hitomi_Mishima
1427,"Nohara, Shinnosuke(野原 新の助)",Crayon Shin-chanCrayon Shin-chan Movie 15: Arashi wo Yobu Utau Ketsu dake Bakudan!Crayon Shin-chan Movie 09: Arashi wo Yobu Mouretsu! Otona Teikoku no Gyakushuu,1108,https://myanimelist.net/character/2951/Shinnosuke_Nohara
1428,"Kasumi, Fuu(フウ)",Samurai Champloo,1107,https://myanimelist.net/character/392/Fuu_Kasumi
1429,"Houjou, Satoko(北条 沙都子)",Higurashi no Naku Koro niHigurashi no Naku Koro ni KaiHigurashi no Naku Koro ni Special: Nekogoroshi-hen,1106,https://myanimelist.net/character/1612/Satoko_Houjou
1430,"Kunikida, Hanamaru(国木田 花丸)",Kimi no Kokoro wa Kagayaiteru kai?Love Live! Sunshine!!Koi ni Naritai Aquarium,1105,https://myanimelist.net/character/135409/Hanamaru_Kunikida
1431,"Ren, Hakuryuu(練 白龍)",Magi: The Labyrinth of MagicMagi: The Kingdom of Magic,1105,https://myanimelist.net/character/46823/Hakuryuu_Ren
1432,"Thurston, Renton(レントン・サーストン)",Koukyoushihen Eureka SevenKoukyoushihen Eureka Seven: Kinkyuu Tokuban Navigation ray=outKoukyoushihen Eureka Seven: Pocket ga Niji de Ippai,1103,https://myanimelist.net/character/477/Renton_Thurston
1433,Suiseiseki(翠星石),Rozen MaidenRozen Maiden: TräumendRozen Maiden (2013),1101,https://myanimelist.net/character/1105/Suiseiseki
1434,"Kamio, Misuzu(神尾 観鈴)",AirAir MovieAir Recap,1099,https://myanimelist.net/character/188/Misuzu_Kamio
1435,Crimvael(クリムヴェール),Ishuzoku Reviewers,1098,https://myanimelist.net/character/177297/Crimvael
1436,Keroberos(ケルベロス),Cardcaptor SakuraCardcaptor Sakura Movie 1Cardcaptor Sakura Movie 2: Fuuin Sareta Card,1097,https://myanimelist.net/character/2897/Keroberos
1437,"Chisaki, Kai(治崎 廻)",Boku no Hero Academia 3rd SeasonBoku no Hero Academia 4th SeasonBoku no Hero Academia 6th Season,1096,https://myanimelist.net/character/148286/Kai_Chisaki
1438,"Matsumoto, Rangiku(松本 乱菊)",Bleach Movie 2: The DiamondDust Rebellion - Mou Hitotsu no HyourinmaruBleachBleach: The Sealed Sword Frenzy,1096,https://myanimelist.net/character/904/Rangiku_Matsumoto
1439,"Nome, Sheryl(シェリル・ノーム)",Macross FMacross F: Close Encounter - Deculture EditionMacross Fufonfia,1095,https://myanimelist.net/character/7560/Sheryl_Nome
1440,"Hoshino, Anzu(星野 杏子)",Romantic Killer,1093,https://myanimelist.net/character/216277/Anzu_Hoshino
1441,Shinigami(死神様),Soul Eater,1092,https://myanimelist.net/character/8457/Shinigami
1442,"Sanson, Marie-Josèphe(マリー＝ジョセフ・サンソン)",,1090,https://myanimelist.net/character/92157/Marie-Josèphe_Sanson
1443,"Himeragi, Yukina(姫柊 雪菜)",Strike the BloodStrike the Blood: Valkyria no Oukoku-henStrike the Blood II,1087,https://myanimelist.net/character/81597/Yukina_Himeragi
1444,"Tachibana, Mei(橘 めい)",Suki tte Ii na yo.Suki tte Ii na yo. Dareka gaSuki tte Ii na yo.: Mei and Marshmallow,1086,https://myanimelist.net/character/24201/Mei_Tachibana
1445,Jiji(ジジ),Majo no Takkyuubin x McDonald's CMsMajo no Takkyuubin,1086,https://myanimelist.net/character/3133/Jiji
1446,"Hiiragi, Tsukasa(柊 つかさ)",Lucky☆StarLucky☆Star: Original na Visual to AnimationMiyakawa-ke no Kuufuku,1084,https://myanimelist.net/character/2170/Tsukasa_Hiiragi
1447,"Hanajima, Saki(花島 咲)",Fruits BasketFruits Basket 1st SeasonFruits Basket 2nd Season,1083,https://myanimelist.net/character/376/Saki_Hanajima
1448,"Aihara, Enju(藍原 延珠)",Black Bullet,1082,https://myanimelist.net/character/74621/Enju_Aihara
1449,Chrome(クロム),Dr. StoneDr. Stone: Stone WarsDr. Stone: New World,1081,https://myanimelist.net/character/153528/Chrome
1450,"Abbacchio, Leone(レオーネ・アバッキオ)",JoJo no Kimyou na Bouken Part 5: Ougon no KazeJoJo no Kimyou na Bouken Part 5: Ougon no Kaze Recaps,1081,https://myanimelist.net/character/17525/Leone_Abbacchio
1451,Quanxi(クァンシ),,1080,https://myanimelist.net/character/181441/Quanxi
1452,Retsuko(烈子),Aggressive RetsukoAggressive Retsuko (ONA)Aggressive Retsuko (ONA) 2nd Season,1080,https://myanimelist.net/character/140321/Retsuko
1453,"Sunakawa, Makoto(砂川 誠)",Ore Monogatari!!,1080,https://myanimelist.net/character/87621/Makoto_Sunakawa
1454,"Nougami, Neuro(脳噛 ネウロ)",Majin Tantei Nougami Neuro,1080,https://myanimelist.net/character/4479/Neuro_Nougami
1455,"Konan(小南, 天使 )",NarutoNaruto: ShippuudenNaruto SD: Rock Lee no Seishun Full-Power Ninden,1080,https://myanimelist.net/character/3179/Konan
1456,"Hiradaira, Chisaki(比良平 ちさき)",Nagi no Asu kara,1078,https://myanimelist.net/character/86227/Chisaki_Hiradaira
1457,"Hoshimachi, Suisei(星街 すいせい)","Holo no GraffitiNext Color PlanetTenkyuu, Suisei wa Yoru wo Mataide",1077,https://myanimelist.net/character/190402/Suisei_Hoshimachi
1458,"Chigiri, Hyouma(千切 豹馬)",Blue LockBlue Lock vs. U-20 JapanBlue Lock: Episode Nagi,1076,https://myanimelist.net/character/178712/Hyouma_Chigiri
1459,"Ichinose, Honami(一之瀬 帆波)",Youkoso Jitsuryoku Shijou Shugi no Kyoushitsu eYoukoso Jitsuryoku Shijou Shugi no Kyoushitsu e 2nd SeasonYoukoso Jitsuryoku Shijou Shugi no Kyoushitsu e 3rd Season,1076,https://myanimelist.net/character/128917/Honami_Ichinose
1460,"Koizumi, Hanayo(小泉 花陽)","Bokura no Live Kimi to no LifeSnow HalationNatsu-iro Egao de 1, 2, Jump!",1075,https://myanimelist.net/character/46017/Hanayo_Koizumi
1461,"Hakubi, Ryouko(白眉 魎呼)",Shin Tenchi Muyou!Tenchi Muyou! RyououkiTenchi Muyou! Ryououki 2nd Season,1075,https://myanimelist.net/character/4322/Ryouko_Hakubi
1462,"Chiba, Mamoru(地場 衛)",Bishoujo Senshi Sailor MoonBishoujo Senshi Sailor Moon R: The MovieBishoujo Senshi Sailor Moon S,1075,https://myanimelist.net/character/4013/Mamoru_Chiba
1463,"Huan, Yi(桓騎)",Kingdom 2nd SeasonKingdom 3rd SeasonKingdom 4th Season,1074,https://myanimelist.net/character/93183/Yi_Huan
1464,Frau(フラウ),07-Ghost,1072,https://myanimelist.net/character/12743/Frau
1465,"Sakuranomiya, Maika(桜ノ宮 苺香)",Blend S,1071,https://myanimelist.net/character/152126/Maika_Sakuranomiya
1466,"Kaji, Akihiko(梶 秋彦)",GivenGiven Movie 1Given Movie 3: Umi e,1071,https://myanimelist.net/character/137915/Akihiko_Kaji
1467,"Kishitani, Shinra(岸谷 新羅)",Durarara!!Durarara!! SpecialsDurarara!!x2 Shou,1070,https://myanimelist.net/character/24597/Shinra_Kishitani
1468,"Ikaruga Misurugi, Angelise(アンジュリーゼ・斑鳩・ミスルギ)",Cross Ange: Tenshi to Ryuu no Rondo,1069,https://myanimelist.net/character/111693/Angelise_Ikaruga_Misurugi
1469,"Troyard, Slaine(スレイン・トロイヤード)",Aldnoah.ZeroAldnoah.Zero Part 2Aldnoah.Zero Extra Archives,1069,https://myanimelist.net/character/103695/Slaine_Troyard
1470,"Ryuugazaki, Rei(竜ヶ崎 怜)",Free!Free!: FrFr - Short MovieFree! Eternal Summer,1069,https://myanimelist.net/character/83025/Rei_Ryuugazaki
1471,"Matsuda, Touta(松田 桃太)",Death NoteDeath Note: Rewrite,1069,https://myanimelist.net/character/1906/Touta_Matsuda
1472,"Sakurauchi, Riko(桜内 梨子)",Kimi no Kokoro wa Kagayaiteru kai?Love Live! Sunshine!!Koi ni Naritai Aquarium,1067,https://myanimelist.net/character/135404/Riko_Sakurauchi
1473,"de Vandimion, Farnese(ファルネーゼ・ド・ヴァンディミオン)",Berserk: Ougon Jidai-hen II - Doldrey KouryakuBerserkBerserk 2nd Season,1067,https://myanimelist.net/character/7857/Farnese_de_Vandimion
1474,"Hori, Kyousuke(堀 京介)",Hori-san to Miyamura-kunHorimiyaHorimiya: Piece,1066,https://myanimelist.net/character/91371/Kyousuke_Hori
1475,"Mitsurugi, Reiji(御剣 怜侍)","Gyakuten Saiban: Sono ""Shinjitsu"", Igi Ari!Gyakuten Saiban: Sono ""Shinjitsu"", Igi Ari! Season 2",1066,https://myanimelist.net/character/8673/Reiji_Mitsurugi
1476,"Agata, Katsuhira(阿形 勝平)",Kiznaiver,1064,https://myanimelist.net/character/134205/Katsuhira_Agata
1477,"Hiyajou, Maho(比屋定 真帆)",Steins;Gate 0Steins;Gate 0: Kesshou Takei no Valentine - Bittersweet Intermedio,1064,https://myanimelist.net/character/83419/Maho_Hiyajou
1478,"Forger, Bond(ボンド・フォージャー)",Ayataka Spy x Family Movie Campaign Ayataka de Hotto HitoikiSpy x FamilySpy x Family Part 2,1063,https://myanimelist.net/character/203871/Bond_Forger
1479,"Mitsui, Hisashi(三井 寿)",Slam DunkSlam Dunk: Zenkoku Seiha Da! - Sakuragi HanamichiSlam Dunk: Shouhoku Saidai no Kiki! Moero Sakuragi Hanamichi,1063,https://myanimelist.net/character/313/Hisashi_Mitsui
1480,Tachikoma(タチコマ),Koukaku Kidoutai: Stand Alone Complex - Tachikoma na HibiKoukaku Kidoutai: Stand Alone Complex - Solid State Society - Uchikoma na HibiKoukaku Kidoutai: Stand Alone Complex 2nd GIG - Tachikoma na Hibi,1062,https://myanimelist.net/character/4808/Tachikoma
1481,Rakka(落下),Haibane Renmei,1062,https://myanimelist.net/character/1995/Rakka
1482,"Niijima, Makoto(新島 真)",Persona 5 the AnimationPersona 5 the Animation TV SpecialsPersona 5 the Animation Specials,1061,https://myanimelist.net/character/142801/Makoto_Niijima
1483,Kon(コン),BleachBleach: Memories in the RainBleach: The Sealed Sword Frenzy,1060,https://myanimelist.net/character/1089/Kon
1484,"Nase, Hiroomi(名瀬 博臣)",Kyoukai no KanataKyoukai no Kanata: Mini GekijouKyoukai no Kanata: Shinonome,1058,https://myanimelist.net/character/81763/Hiroomi_Nase
1485,"Yoshii, Akihisa(吉井 明久)",Baka to Test to ShoukanjuuBaka to Test to Shoukanjuu: Mondai - Christmas ni Tsuite Kotae NasaiBaka to Test to Shoukanjuu Specials,1058,https://myanimelist.net/character/27362/Akihisa_Yoshii
1486,"Shirogane, Kei(白銀 圭)",Kaguya-sama wa Kokurasetai: Tensai-tachi no Renai ZunousenKaguya-sama wa Kokurasetai? Tensai-tachi no Renai ZunousenKaguya-sama wa Kokurasetai: Ultra Romantic,1056,https://myanimelist.net/character/161287/Kei_Shirogane
1487,Kongou(金剛),Kantai Collection: KanColleKanColle: Itsuka Ano Umi deKanColle Movie,1056,https://myanimelist.net/character/105547/Kongou
1488,"Kazama, Levi(風間 レヴィ)",Trinity SevenTrinity Seven: Nanatsu no Taizai to Nana MadoushiTrinity Seven Movie 1: Eternity Library to Alchemic Girl,1056,https://myanimelist.net/character/52885/Levi_Kazama
1489,"Itsuka, Shidou(五河 士道)",Date A LiveDate A Live: Date to DateDate A Live II,1055,https://myanimelist.net/character/65257/Shidou_Itsuka
1490,Kurogane(黒鋼),Tsubasa ChronicleTsubasa Chronicle: Tori Kago no Kuni no HimegimiTsubasa Chronicle 2nd Season,1052,https://myanimelist.net/character/129/Kurogane
1491,"Aikawa, Ayumu(相川 歩)",Kore wa Zombie desu ka?Kore wa Zombie desu ka? OVAKore wa Zombie desu ka? of the Dead,1050,https://myanimelist.net/character/38535/Ayumu_Aikawa
1492,"Roromiya, Karuta(髏々宮 カルタ)",Inu x Boku SSInu x Boku SS: Miketsukami-kun Henka/Switch/Omamagoto,1050,https://myanimelist.net/character/28947/Karuta_Roromiya
1493,"Sanada, Ryuu(真田龍)",Kimi ni TodokeKimi ni Todoke 2nd SeasonKimi ni Todoke 3rd Season,1050,https://myanimelist.net/character/13534/Ryuu_Sanada
1494,"Isshiki, Satoshi(一色 慧)",Shokugeki no SoumaShokugeki no Souma OVAShokugeki no Souma: Ni no Sara,1048,https://myanimelist.net/character/78475/Satoshi_Isshiki
1495,"Sawaki, Momoe(沢木 桃恵)",Wonder Egg PriorityWonder Egg Priority: Watashi no Priority,1047,https://myanimelist.net/character/190742/Momoe_Sawaki
1496,"Narihisago, Akihito(鳴瓢 秋人)",Id:Invaded,1047,https://myanimelist.net/character/172213/Akihito_Narihisago
1497,"Yuy, Heero(ヒイロ・ユイ)",Shin Kidou Senki Gundam WingShin Kidou Senki Gundam Wing: Endless WaltzShin Kidou Senki Gundam Wing: Endless Waltz Tokubetsu-hen,1046,https://myanimelist.net/character/99/Heero_Yuy
1498,Buddha(しゃか),Shuumatsu no Walküre IIShuumatsu no Walküre II Mini AnimeShuumatsu no Walküre II Part 2,1045,https://myanimelist.net/character/184120/Buddha
1499,"Kofune, Ushio(小舟 潮)",Summertime Render,1044,https://myanimelist.net/character/170611/Ushio_Kofune
1500,Kuririn(クリリン),Dragon BallDragon Ball ZDragon Ball Movie 2: Majinjou no Nemurihime,1044,https://myanimelist.net/character/2159/Kuririn
